RANK,PLAYER,NAT,TEAM,POS,OVR,PAC,SHO,PAS,DRI,DEF,PHY
,,,,,,,,,,,
1281,Gustavo Hamer,,sheffield-utd,LM,77,70,72,79,76,72,76
1585,Bright Osayi-Samuel,,birmingham-city,RB,76,93,58,63,79,69,80
1615,Michael Cooper,,sheffield-utd,GK,76,76,74,77,77,54,75
1660,Leif Davis,,ipswich,LB,76,80,54,76,73,70,73
1711,Abdul Fatawu,,leicester-city,RM,76,83,73,74,78,46,64
1812,Azor Matusiwa,,ipswich,CDM,76,57,53,67,70,74,78
1848,Marvin Ducksch,,birmingham-city,ST,76,56,78,79,75,33,68
1855,Chuba Akpom,,ipswich,ST,76,76,75,59,71,32,74
1995,Boubakary Soumaré,,leicester-city,CDM,75,73,56,73,75,71,77
2028,Jens-Lys Cajuste,,ipswich,CDM,75,65,63,70,75,72,75
2086,Kyogo Furuhashi,,birmingham-city,ST,75,84,75,67,75,48,64
2098,Victor Kristiansen,,leicester-city,LB,75,68,59,67,73,72,73
2105,Josh Sargent,,norwich,ST,75,74,76,62,69,48,82
2170,Stephy Mavididi,,leicester-city,LM,75,87,73,69,75,28,72
2241,Jaden Philogene,,ipswich,LM,75,82,71,69,78,37,59
2353,Dara O'Shea,,ipswich,CB,75,69,33,55,58,75,76
2411,Chiedozie Ogbene,,sheffield-utd,RM,74,90,65,66,74,64,73
2412,Jack Rudoni,,coventry-city,CAM,74,73,69,74,76,65,75
2440,Milan van Ewijk,,coventry-city,RB,74,94,58,66,70,67,71
2470,Alfie Doughty,,millwall,LB,74,82,58,73,71,68,70
2485,Harrison Burrows,,sheffield-utd,LB,74,76,64,73,72,67,68
2503,Finn Azaz,,southampton,CAM,74,74,71,73,74,57,68
2507,Ricardo Pereira,,leicester-city,RB,74,69,62,73,74,73,65
2517,Mathias Kvistgaarden,,norwich,ST,74,87,72,62,76,48,70
2537,Flynn Downes,,southampton,CM,74,62,59,71,74,71,76
2546,Thomas Kaminski,,charlton-ath,GK,74,73,74,70,76,46,73
2552,Ben Brereton Díaz,,derby-county,LM,74,81,73,66,73,41,78
2576,Samuel Iling-Junior,,west-brom,LM,74,81,64,71,77,56,62
2594,Matt Grimes,,coventry-city,CDM,74,62,60,76,72,68,71
2595,Sammie Szmodics,,ipswich,LM,74,77,73,69,76,51,63
2633,Viktor Johansson,,stoke-city,GK,74,75,71,70,77,40,73
2684,Giorgi Chakvetadze,,watford,LM,74,76,69,73,77,41,66
2699,Kanya Fujimoto,,birmingham-city,CAM,74,79,68,73,75,54,52
2717,Conor Chaplin,,portsmouth,CAM,74,81,74,70,76,46,52
2718,Ben Sheaf,,wrexham,CDM,74,55,54,71,71,73,75
2753,Harry Winks,,leicester-city,CDM,74,51,60,74,74,69,67
2769,Jack Clarke,,ipswich,LM,74,78,71,68,75,40,60
2809,Jacob Greaves,,ipswich,CB,74,66,40,63,65,74,78
2828,Oliver Skipp,,leicester-city,CDM,74,60,47,68,70,71,67
2847,Adam Idah,,swansea-city,ST,74,80,73,57,68,24,78
2857,Oli McBurnie,,hull-city,ST,74,61,71,60,71,34,82
2858,Ilias Chair,,qpr,LM,74,79,66,71,78,32,53
2859,Taylor Harwood-Bellis,,southampton,CB,74,65,36,62,66,74,76
2903,Cédric Kipré,,ipswich,CB,74,68,35,49,55,72,87
2937,Jannik Vestergaard,,leicester-city,CB,74,32,48,61,54,73,79
2962,Jeffrey Schlupp,,norwich,LB,73,76,71,68,73,70,74
3001,Joe Aribo,,southampton,CM,73,70,65,71,75,66,74
3010,John Lundstram,,hull-city,CDM,73,65,71,70,69,69,76
3041,Callum O'Hare,,sheffield-utd,CAM,73,74,65,71,77,62,68
3045,Jason Knight,,bristol-city,CM,73,72,64,70,72,67,72
3060,Matěj Jurásek,,norwich,RW,73,81,71,67,74,54,69
3083,Ebou Adams,,derby-county,CDM,73,71,59,62,67,71,83
3084,Amir Hadžiahmetović,,hull-city,CDM,73,65,60,73,72,70,73
3092,Gavin Bazunu,,southampton,GK,73,74,72,74,76,47,69
3095,Hayden Hackney,,middlesbrough,CDM,73,67,62,69,72,68,74
3098,Jordan Ayew,,leicester-city,RM,73,66,73,70,75,56,71
3108,Elias Jelert,,southampton,RB,73,84,57,68,72,67,63
3116,Max Bird,,bristol-city,CM,73,67,63,70,71,68,71
3128,Marcelino Núñez,,ipswich,CM,73,62,69,73,73,63,69
3140,Paul Nardi,,qpr,GK,73,74,68,68,76,50,72
3146,Aidan Morris,,middlesbrough,CDM,73,73,53,61,70,70,81
3155,Ryan Manning,,southampton,LB,73,68,60,72,72,68,67
3166,Ashley Young,,ipswich,RB,73,53,64,75,73,73,68
3192,Tommy Doyle,,birmingham-city,CM,73,65,66,74,74,65,60
3207,Josh Murphy,,portsmouth,LM,73,92,69,68,73,38,62
3208,Alex Mowatt,,west-brom,CDM,73,50,69,74,70,66,73
3226,Caspar Jander,,southampton,CM,73,65,55,73,73,63,72
3260,Imrân Louza,,watford,CM,73,60,66,72,74,62,64
3272,Issa Kaboré,,wrexham,RB,73,81,39,64,73,67,73
3283,Morgan Whittaker,,middlesbrough,RM,73,77,73,67,74,38,67
3286,Mohamed Belloumi,,hull-city,RM,73,81,71,70,76,38,60
3307,Nathan Broadhead,,wrexham,LM,73,76,72,68,74,37,67
3308,Jimmy Dunne,,qpr,RB,73,64,46,64,67,73,80
3309,Phil Neumann,,birmingham-city,CB,73,81,33,61,68,72,79
3310,Haji Wright,,coventry-city,ST,73,82,72,60,71,33,76
3322,Alex Palmer,,ipswich,GK,73,74,72,72,73,30,72
3335,Adam Armstrong,,southampton,ST,73,76,74,66,73,35,68
3353,Mads Roerslev,,southampton,RB,73,68,45,69,70,70,69
3361,Barry Bannan,,sheffield-wed,CM,73,57,63,74,75,60,61
3362,Aaron Cresswell,,stoke-city,CB,73,50,59,73,71,75,62
3377,Ben Godfrey,,sheffield-utd,CB,73,79,43,60,60,72,75
3378,Julián Carranza,,leicester-city,ST,73,65,73,60,71,43,77
3438,Carlton Morris,,derby-county,ST,73,71,73,58,69,34,77
3453,Japhet Tanganga,,sheffield-utd,CB,73,71,33,61,66,72,77
3467,Manuel Benson,,swansea-city,RM,73,82,70,69,78,35,44
3476,Léo Scienza,,southampton,LM,73,82,68,69,77,29,52
3489,Luke Woolfenden,,coventry-city,CB,73,65,35,62,63,72,77
3511,Eíran Cashin,,birmingham-city,CB,73,58,44,57,60,71,81
3533,Gabriel Osho,,cardiff-city,CB,73,67,30,54,65,73,75
3542,Rob Dickie,,bristol-city,CB,73,53,45,54,57,73,79
3558,Wout Faes,,leicester-city,CB,73,52,39,54,60,73,75
3573,Cameron Burgess,,swansea-city,CB,73,48,37,57,54,73,78
3575,Chris Mepham,,west-brom,CB,73,47,37,55,61,74,72
3576,Caleb Okoli,,leicester-city,CB,73,58,30,49,57,74,78
3583,Jake Cooper,,millwall,CB,73,48,32,48,53,72,83
3590,Harry Souttar,,leicester-city,CB,73,46,28,51,54,73,75
3605,Alan Browne,,middlesbrough,CM,72,70,69,70,72,69,78
3616,Wes Burns,,ipswich,RM,72,89,67,63,73,60,71
3617,Riley McGree,,middlesbrough,LM,72,78,67,69,73,63,73
3636,Tomoki Iwata,,birmingham-city,CDM,72,75,64,66,69,68,77
,,,,,,,,,,,
RANK,PLAYER,NAT,TEAM,POS,OVR,PAC,SHO,PAS,DRI,DEF,PHY
,,,,,,,,,,,
3638,Million Manhoef,,stoke-city,RM,72,85,67,63,73,56,75
3645,Paik Seung Ho,,birmingham-city,CDM,72,67,67,70,73,66,75
3694,Ben Whiteman,,preston,CDM,72,63,65,72,68,67,78
3697,Liberato Cacace,,wrexham,LB,72,72,60,67,71,69,74
3705,Carl Rushworth,,coventry-city,GK,72,72,70,71,73,55,71
3722,Lewis O'Brien,,wrexham,CM,72,66,62,66,75,69,72
3726,Gonçalo Franco,,swansea-city,CDM,72,65,64,69,72,67,73
3732,Casper De Norre,,millwall,CDM,72,64,65,68,73,68,71
3742,Perry Ng,,cardiff-city,RB,72,72,59,65,67,70,75
3754,Shea Charles,,southampton,CM,72,62,61,73,69,69,74
3757,Moussa Sissoko,,watford,CM,72,51,64,72,70,70,80
3776,Anis Mehmeti,,bristol-city,LM,72,76,69,67,74,54,66
3790,Tatsuhiro Sakamoto,,coventry-city,RM,72,76,63,69,75,62,60
3802,Callum Brittain,,middlesbrough,RB,72,79,52,65,70,66,72
3803,Lewis Travis,,derby-county,CDM,72,65,59,65,68,69,78
3815,Kenny McLean,,norwich,CDM,72,58,67,68,71,66,73
3816,George Saville,,luton-town,CDM,72,58,65,70,69,68,73
3823,Liam Millar,,hull-city,LM,72,85,66,66,75,52,59
3827,Kaine Kesler-Hayden,,coventry-city,RB,72,78,54,67,72,67,65
3846,Bobby De Cordova-Reid,,leicester-city,RM,72,69,70,70,74,60,58
3848,Jack Stacey,,norwich,RB,72,71,55,65,69,68,73
3870,Scott Twine,,bristol-city,RM,72,77,70,71,73,55,53
3882,Sondre Tronstad,,blackburn-rovers,CDM,72,55,63,68,70,69,73
3883,Josh Windass,,wrexham,CAM,72,85,72,67,73,35,66
3907,Tom Fellows,,southampton,RM,72,83,64,69,72,46,63
3925,Will Smallbone,,millwall,CM,72,56,64,70,74,67,65
3948,Massimo Luongo,,millwall,CDM,72,52,65,67,69,70,71
3961,Hamza Choudhury,,leicester-city,RB,72,64,50,66,67,73,73
3969,Welington,,southampton,LB,72,75,52,66,70,67,63
3991,Ivor Pandur,,hull-city,GK,72,72,70,64,77,39,69
3999,Elijah Adebayo,,luton-town,ST,72,74,70,53,69,45,79
4003,Ben Johnson,,ipswich,RB,72,69,47,64,68,72,70
4006,Thierno Ballo,,millwall,LW,72,87,65,64,75,50,49
4016,Colby Bishop,,portsmouth,ST,72,66,71,60,67,42,83
4017,Marvelous Nakamba,,luton-town,CDM,72,57,54,62,71,71,74
4027,Demarai Gray,,birmingham-city,LM,72,81,69,65,77,38,58
4032,Tyrese Campbell,,sheffield-utd,ST,72,81,72,60,71,33,71
4033,Alex Cochrane,,birmingham-city,LB,72,73,45,66,68,68,68
4075,Mads Frøkjær,,preston,CAM,72,62,66,70,74,48,64
4092,George Hirst,,ipswich,ST,72,73,71,55,66,43,74
4096,Patson Daka,,leicester-city,ST,72,86,71,58,74,26,67
4101,Teden Mengi,,luton-town,CB,72,78,39,55,64,72,74
4107,Darnell Furlong,,ipswich,RB,72,73,36,60,69,68,75
4132,Marc Bola,,watford,LB,72,75,35,58,67,70,73
4154,Kieffer Moore,,wrexham,ST,72,61,69,56,65,46,79
4155,Krystian Bielik,,west-brom,CB,72,54,46,63,63,71,79
4156,Todd Cantwell,,blackburn-rovers,CAM,72,70,66,71,74,43,52
4163,Cameron Archer,,southampton,ST,72,82,71,59,73,25,65
4166,Steven Nzonzi,,stoke-city,CDM,72,37,56,67,66,72,76
4167,Conor Coady,,wrexham,CB,72,43,56,71,64,74,66
4169,Josh Maja,,west-brom,ST,72,75,72,62,71,28,66
4183,Chris Willock,,cardiff-city,LM,72,79,68,65,75,29,56
4197,Samuel Edozie,,southampton,LW,72,84,62,65,75,28,57
4202,Mikey Johnston,,west-brom,LM,72,85,69,64,75,29,48
4235,Patrick Roberts,,birmingham-city,RM,72,81,65,66,78,28,47
4247,Christoph Klarer,,birmingham-city,CB,72,65,37,51,61,73,76
4277,John Egan,,hull-city,CB,72,50,45,52,60,72,74
4284,Jack Stephens,,southampton,CB,72,42,42,61,64,73,70
4289,Matt Clarke,,derby-county,CB,72,49,37,53,62,72,78
4291,Dael Fry,,middlesbrough,CB,72,62,29,56,59,72,73
4292,Luke McNally,,bristol-city,CB,72,54,35,53,61,71,77
4298,Jake Clarke-Salter,,qpr,CB,72,64,33,53,51,74,74
4348,Steve Cook,,qpr,CB,72,34,34,55,56,72,75
4365,Edo Kayembe,,watford,CM,71,72,66,69,70,67,78
4394,George Honeyman,,blackpool,CAM,71,70,65,71,71,65,73
4397,Ryan Giles,,hull-city,LB,71,86,59,70,72,61,67
4415,Cameron Brannagan,,oxford-united,CDM,71,65,69,71,69,63,75
4426,Eliot Matazo,,hull-city,CDM,71,69,60,68,74,67,74
4430,Callum Lang,,portsmouth,CAM,71,80,70,66,73,49,73
4445,Malick Yalcouyé,,swansea-city,RM,71,83,57,64,71,65,69
4446,Ryan Leonard,,millwall,RB,71,71,63,65,66,67,77
4471,Marko Stamenić,,swansea-city,CDM,71,67,60,68,71,66,75
4474,Jordan Clark,,luton-town,CM,71,67,63,71,73,64,68
4479,Nicolas Madsen,,qpr,CAM,71,58,68,73,71,66,70
4519,Tahith Chong,,sheffield-utd,CAM,71,77,66,70,73,54,63
4522,Kasey McAteer,,ipswich,RM,71,81,67,66,71,54,64
4531,Neto Borges,,bristol-city,LB,71,67,51,66,70,68,80
4534,Isaiah Jones,,luton-town,RM,71,84,56,65,73,63,61
4538,Oliver Arblaster,,sheffield-utd,CM,71,65,61,69,71,65,71
4544,Sorba Thomas,,stoke-city,RM,71,87,59,67,70,48,70
4583,Max Lowe,,sheffield-wed,LB,71,78,49,64,71,69,67
4584,Lawrence Vigouroux,,swansea-city,GK,71,72,69,69,72,47,69
4614,Sondre Langås,,derby-county,CB,71,86,38,56,63,68,85
4622,Ephron Mason-Clark,,coventry-city,LM,71,83,67,65,73,34,73
4624,Nicolas Schmid,,portsmouth,GK,71,70,70,69,72,44,70
4666,Jonathan Varane,,qpr,CDM,71,63,49,64,69,69,78
4676,Zeidane Inoussa,,swansea-city,LW,71,84,67,65,73,36,66
4678,Radek Vitek,,bristol-city,GK,71,70,68,65,73,46,69
4705,Karlan Grant,,west-brom,LM,71,82,71,63,71,33,69
4708,Yan Valery,,sheffield-wed,RB,71,62,52,63,68,70,74
4732,Luke Ayling,,middlesbrough,RB,71,53,58,64,69,72,71
4755,Eom Ji Sung,,swansea-city,LM,71,85,64,63,73,36,65
4792,Jacob Widell Zetterström,,derby-county,GK,71,75,70,59,74,38,67
4820,Mirko Topić,,norwich,CDM,71,65,48,62,61,71,75
4825,Harry Darling,,norwich,CB,71,68,45,59,62,70,77
4827,Pelle Mattsson,,norwich,CDM,71,58,53,64,67,68,71
4842,Ronald,,swansea-city,RM,71,87,65,63,72,36,57
4847,Calum Chambers,,cardiff-city,CB,71,50,56,67,65,71,70
4849,Matt Targett,,middlesbrough,LB,71,62,47,70,69,72,59
4860,Charlie Hughes,,hull-city,CB,71,70,39,58,63,71,78
,,,,,,,,,,,
RANK,PLAYER,NAT,TEAM,POS,OVR,PAC,SHO,PAS,DRI,DEF,PHY
,,,,,,,,,,,
4888,Sam Field,,qpr,CDM,71,56,54,62,64,72,68
4911,Darragh Lenihan,,middlesbrough,CB,71,64,46,58,59,71,75
4921,Ben Davies,,oxford-united,CB,71,66,39,59,64,72,72
4929,Tom Cannon,,sheffield-utd,ST,71,78,71,59,71,28,65
4933,Formose Mendy,,watford,CB,71,73,37,56,60,70,75
4939,Alfie Jones,,middlesbrough,CB,71,64,40,59,59,71,77
4948,Alfie Gilchrist,,west-brom,RB,71,61,42,60,62,73,71
4957,Bae Jun Ho,,stoke-city,LM,71,74,61,69,73,36,55
4966,Emil Riis,,bristol-city,ST,71,73,73,54,67,28,71
4971,Jack Robinson,,birmingham-city,CB,71,57,41,60,62,71,74
4974,Bobby Thomas,,coventry-city,CB,71,60,49,51,54,70,81
5010,Ross Stewart,,southampton,ST,71,68,71,57,64,30,70
5029,Reece Burke,,charlton-ath,CB,71,61,36,54,61,71,73
5063,Jordan Storey,,preston,CB,71,53,34,55,57,71,75
5071,Dominic Hyam,,wrexham,CB,71,51,32,54,58,71,76
5074,Rob Atkinson,,bristol-city,CB,71,60,25,49,57,71,78
5087,Ben Cabango,,swansea-city,CB,71,61,28,47,52,71,76
5100,Mattie Pollock,,watford,CB,71,51,27,49,50,71,78
5101,Liam Lindsay,,preston,CB,71,36,35,52,50,71,81
5102,Shane Duffy,,norwich,CB,71,34,47,48,47,71,77
5107,Mads Juel Andersen,,luton-town,CB,71,41,34,45,49,70,80
5130,Lewis Baker,,stoke-city,CM,70,64,71,73,70,64,71
5146,Kal Naismith,,luton-town,CB,70,65,65,66,67,70,77
5157,Ross McCrorie,,bristol-city,RB,70,77,53,61,67,67,84
5170,Jack Taylor,,ipswich,CDM,70,67,67,66,69,68,71
5174,Regan Slater,,hull-city,CM,70,71,61,69,72,65,70
5183,Tom Dele-Bashiru,,watford,CM,70,77,66,66,72,62,64
5190,Harry Clarke,,ipswich,RB,70,79,57,60,65,66,79
5213,Victor Torp,,coventry-city,CM,70,63,67,71,71,64,68
5214,Brian De Keersmaecker,,oxford-united,CDM,70,76,60,66,66,65,71
5237,Josh Tymon,,swansea-city,LB,70,76,56,67,67,65,71
5238,Brandon Williams,,hull-city,LB,70,75,56,65,69,67,70
5239,Ali McCann,,preston,CM,70,65,59,65,69,70,74
5246,Joe Bryan,,millwall,LB,70,72,58,66,68,66,71
5263,Kasey Palmer,,hull-city,CAM,70,67,66,71,74,52,70
5264,Keshi Anderson,,birmingham-city,LM,70,80,63,65,70,54,68
5266,Lewis Wing,,reading,CM,70,55,69,71,66,64,75
5269,Ryoya Morishita,,blackburn-rovers,CM,70,74,59,66,73,64,64
5286,Sydie Peck,,sheffield-utd,CDM,70,68,57,67,69,66,72
5291,Lewie Coyle,,hull-city,RB,70,73,51,64,68,67,75
5297,Josh Eccles,,coventry-city,CDM,70,70,56,68,67,68,69
5307,Alfie May,,huddersfield,ST,70,84,71,62,70,39,71
5321,Amari'i Bell,,charlton-ath,CB,70,75,50,61,67,70,73
5324,Tom Davies,,sheffield-utd,CM,70,59,62,70,70,67,68
5326,Callum Styles,,west-brom,LB,70,68,62,66,69,65,66
5327,Yuri Ribeiro,,blackburn-rovers,LB,70,76,51,67,68,67,67
5332,Joe Gelhardt,,hull-city,ST,70,75,71,67,74,39,70
5347,Emiliano Marcondes,,norwich,CM,70,70,68,71,71,49,66
5348,Joe Lumley,,bristol-city,GK,70,71,66,74,72,44,68
5363,Willum Þór Willumsson,,birmingham-city,CAM,70,55,69,71,71,53,76
5367,Jamal Lowe,,sheffield-wed,ST,70,84,69,60,72,40,69
5375,James Beadle,,birmingham-city,GK,70,70,69,68,71,46,70
5384,Cameron Pring,,bristol-city,LB,70,80,48,61,67,66,71
5389,Owen Beck,,derby-county,LB,70,71,51,67,72,64,68
5392,Andreas Weimann,,derby-county,CAM,70,69,72,65,70,45,71
5403,Oliver Dovin,,coventry-city,GK,70,70,68,68,71,47,68
5416,Danny Ward,,wrexham,GK,70,71,69,68,69,46,68
5417,John Swift,,portsmouth,CAM,70,60,70,71,73,58,59
5420,David Turnbull,,cardiff-city,CM,70,54,71,73,70,60,63
5437,Max O'Leary,,bristol-city,GK,70,70,68,68,72,43,69
5463,Jakub Stolarczyk,,leicester-city,GK,70,72,69,69,73,36,70
5469,Vladan Kovacević,,norwich,GK,70,73,70,69,69,37,71
5473,Alex McCarthy,,southampton,GK,70,71,70,62,72,45,68
5475,Daniel Iversen,,preston,GK,70,70,69,66,70,45,68
5476,Nathan Trott,,cardiff-city,GK,70,72,68,68,73,39,68
5488,Jed Wallace,,west-brom,RM,70,73,67,69,71,45,62
5499,Toby Collyer,,west-brom,CDM,70,67,49,67,68,67,69
5514,Seny Dieng,,middlesbrough,GK,70,70,67,69,74,40,66
5532,Alfons Sampsted,,birmingham-city,RB,70,73,47,61,67,65,72
5543,Will Keane,,preston,ST,70,61,70,62,69,47,75
5553,Róbert Boženík,,stoke-city,ST,70,75,71,63,67,34,74
5556,Aaron Ramsey,,leicester-city,LM,70,72,63,67,72,50,60
5570,Jakov Medić,,norwich,CB,70,64,52,59,58,67,83
5576,Charlie Taylor,,west-brom,LB,70,54,52,67,68,71,70
5579,Joe Williams,,bristol-city,CDM,70,53,57,68,68,68,68
5581,George Tanner,,bristol-city,RB,70,71,49,61,65,67,69
5585,Milutin Osmajić,,preston,ST,70,78,72,56,62,37,77
5586,Alfie Devine,,preston,CAM,70,65,66,67,70,54,60
5603,Femi Azeez,,millwall,LM,70,79,66,62,72,35,67
5610,Nahki Wells,,luton-town,ST,70,70,71,63,69,43,64
5620,Luke Thomas,,leicester-city,LB,70,72,42,64,67,67,68
5622,Louie Barry,,sheffield-utd,LM,70,89,69,62,73,29,58
5646,Michael Frey,,qpr,ST,70,59,71,61,60,41,86
5648,Liam Cullen,,swansea-city,CAM,70,76,71,64,70,31,66
5671,Ryan Fraser,,southampton,LM,70,71,68,69,74,48,46
5673,Ben Pearson,,stoke-city,CDM,70,55,49,62,67,67,76
5675,Conor Shaughnessy,,portsmouth,CB,70,62,49,59,59,69,78
5678,Jayson Molumby,,west-brom,CDM,70,60,54,65,68,64,65
5694,Ryan Hedges,,blackburn-rovers,LM,70,79,64,64,71,39,58
5709,Hayden Carter,,blackburn-rovers,CB,70,71,40,57,59,69,78
5721,Semi Ajayi,,hull-city,CB,70,69,48,47,59,69,81
5726,Marcus Forss,,bolton,ST,70,74,70,54,67,39,69
5728,Ciaron Brown,,oxford-united,CB,70,65,46,56,61,70,75
5740,Karamoko Dembélé,,qpr,RM,70,83,64,65,74,43,43
5741,Ellis Simms,,coventry-city,ST,70,73,70,54,64,34,77
5750,Asmir Begović,,leicester-city,GK,70,70,70,65,67,26,73
5753,Andrew Hughes,,preston,CB,70,59,42,62,60,70,78
5785,Siriki Dembélé,,oxford-united,LM,70,88,66,59,74,28,54
5796,Emil Hansson,,blackpool,LM,70,73,66,68,74,35,52
5799,Lee Buchanan,,birmingham-city,LB,70,74,41,57,66,67,63
,,,,,,,,,,,
RANK,PLAYER,NAT,TEAM,POS,OVR,PAC,SHO,PAS,DRI,DEF,PHY
,,,,,,,,,,,
5816,Yang Min Hyeok,,portsmouth,RM,70,80,67,62,73,31,53
5837,Ashley Phillips,,stoke-city,CB,70,65,40,56,59,70,75
5849,Michał Helik,,oxford-united,CB,70,58,55,47,54,69,80
5851,Zak Vyner,,bristol-city,CB,70,68,35,56,62,70,72
5855,Egil Selvik,,watford,GK,70,70,69,66,70,19,69
5863,Ronnie Edwards,,southampton,CB,70,69,35,53,61,70,74
5870,Tommy Conway,,middlesbrough,ST,70,81,70,56,70,24,60
5872,George Edmundson,,middlesbrough,CB,70,68,35,51,57,69,80
5886,Liam Kitching,,coventry-city,CB,70,63,36,54,57,69,79
5934,Will Fish,,cardiff-city,CB,70,62,34,52,56,69,77
5947,Damion Downs,,southampton,ST,70,71,68,53,64,24,68
5965,Mark McGuinness,,sheffield-utd,CB,70,52,35,50,58,69,79
5967,Daryl Dike,,west-brom,ST,70,65,70,47,62,20,78
6015,Nat Phillips,,west-brom,CB,70,48,30,49,50,70,73
6023,Danny Batth,,derby-county,CB,70,34,23,43,41,70,80
6031,Oliver Rathbone,,wrexham,CM,69,82,60,64,70,64,76
6034,Brad Potts,,preston,RB,69,70,68,67,67,63,78
6047,Adam Randell,,bristol-city,CM,69,73,63,66,70,66,71
6084,Bali Mumba,,plymouth-argyle,LB,69,83,61,65,73,62,61
6088,Matt Crooks,,hull-city,CAM,69,55,68,65,66,67,83
6095,Ethan Laird,,birmingham-city,RB,69,85,54,61,69,63,71
6115,Shandon Baptiste,,luton-town,CM,69,67,58,67,75,68,66
6130,Kane Wilson,,mk-dons,RB,69,85,52,62,71,60,70
6131,Joe Rankin-Costello,,charlton-ath,RB,69,74,59,64,67,66,70
6133,Mark Sykes,,bristol-city,RM,69,73,63,64,69,63,68
6141,Robbie Brady,,preston,LB,69,63,64,73,69,65,65
6171,Taylor Gardner-Hickman,,blackburn-rovers,CM,69,73,62,68,68,65,62
6174,Isaac Price,,west-brom,CM,69,66,66,68,69,60,69
6182,Sam McCallum,,sheffield-utd,LB,69,79,55,63,66,65,69
6188,Amankwah Forson,,norwich,CM,69,86,60,69,75,57,50
6200,Jamie Shackleton,,sheffield-utd,RB,69,78,49,65,72,64,68
6203,Marc Leonard,,birmingham-city,CM,69,71,60,67,68,63,67
6227,Josh Key,,swansea-city,RB,69,84,50,61,67,61,71
6237,Jacob Brown,,luton-town,ST,69,73,69,63,69,48,71
6250,Liam Walsh,,luton-town,CM,69,62,63,70,73,59,65
6253,Éric Bocat,,stoke-city,LB,69,78,52,65,68,62,67
6255,Jordan James,,leicester-city,CM,69,62,66,66,68,62,68
6267,Harry Pickering,,blackburn-rovers,LB,69,73,52,64,66,64,72
6295,Richard Kone,,qpr,ST,69,82,67,54,68,40,79
6303,Ethan Horvath,,sheffield-wed,GK,69,71,67,66,70,48,67
6305,Ryan Wintle,,cardiff-city,CDM,69,67,57,66,66,65,68
6307,Jamie Cumming,,oxford-united,GK,69,69,68,68,69,47,68
6310,Alex Bangura,,middlesbrough,LB,69,93,37,55,68,60,76
6326,Hidde ter Avest,,oxford-united,RB,69,69,52,63,67,65,72
6327,Brandon Thomas-Asante,,coventry-city,ST,69,83,67,59,69,34,76
6334,Stefán Teitur Þórðarson,,preston,CM,69,59,65,64,67,63,70
6349,Aynsley Pears,,blackburn-rovers,GK,69,71,66,67,71,45,67
6364,Jak Alnwick,,cardiff-city,GK,69,69,67,65,69,46,70
6395,Kaly Sène,,middlesbrough,ST,69,85,70,62,73,27,68
6400,Joe Wildsmith,,west-brom,GK,69,68,69,68,68,42,69
6403,Babajide David Akintola,,hull-city,LM,69,88,63,59,69,40,65
6405,Arthur Okonkwo,,wrexham,GK,69,68,67,67,69,44,69
6407,Cody Drameh,,hull-city,RB,69,83,37,59,69,65,71
6420,Nathaniel Chalobah,,sheffield-wed,CDM,69,51,61,64,67,68,72
6422,Connor Ogilvie,,portsmouth,LB,69,70,46,61,63,65,78
6434,Haydon Roberts,,bristol-city,LB,69,71,47,64,66,65,70
6459,George Dobson,,wrexham,CDM,69,54,57,65,64,65,76
6462,Jay Dasilva,,coventry-city,LB,69,82,42,65,72,62,58
6476,Andre Brooks,,sheffield-utd,RM,69,74,63,65,72,48,59
6487,Sam Gallagher,,stoke-city,ST,69,66,70,57,64,45,78
6502,Sverre Nypan,,middlesbrough,CM,69,74,62,65,72,55,52
6506,Djibril Soumaré,,sheffield-utd,CDM,69,60,56,60,64,68,72
6511,Callum Robinson,,cardiff-city,ST,69,79,68,64,72,32,64
6521,Lamine Fanne,,luton-town,CDM,69,77,41,58,64,67,72
6539,Christian Walton,,ipswich,GK,69,70,68,66,70,35,68
6542,Przemysław Płacheta,,oxford-united,RM,69,91,61,60,71,39,55
6543,Danny McNamara,,millwall,LB,69,78,42,59,66,64,68
6544,Delano Burgzorg,,middlesbrough,LM,69,81,65,57,73,30,71
6546,Kwame Poku,,qpr,RM,69,85,63,64,72,44,49
6553,Kellen Fisher,,norwich,RB,69,73,43,59,65,66,71
6559,James Bree,,charlton-ath,RB,69,67,45,65,66,69,64
6582,Iván Azón,,ipswich,ST,69,74,68,53,62,38,80
6593,Conor Hazard,,plymouth-argyle,GK,69,69,67,64,71,34,69
6598,Jay Stansfield,,birmingham-city,ST,69,79,70,60,69,29,67
6660,Jerry Yates,,luton-town,ST,69,76,70,57,70,29,68
6667,Sontje Hansen,,middlesbrough,LM,69,87,63,62,72,29,57
6683,Yuki Ohashi,,blackburn-rovers,ST,69,71,68,57,68,36,69
6694,Josh Knight,,portsmouth,CB,69,59,52,54,59,69,75
6708,Tyler Bindon,,sheffield-utd,CB,69,58,46,59,64,68,73
6710,Iké Ugbo,,sheffield-wed,ST,69,75,67,58,68,29,70
6718,Nik Prelec,,oxford-united,ST,69,68,68,58,65,35,73
6730,Rhian Brewster,,derby-county,ST,69,77,69,56,70,32,62
6755,Jeremy Ngakia,,watford,RB,69,71,38,57,67,68,63
6760,Ryan Hardie,,wrexham,ST,69,82,68,51,70,27,65
6762,Aaron Connolly,,leyton-orient,ST,69,75,69,57,70,27,65
6764,Lukas Jensen,,millwall,GK,69,69,68,64,69,24,69
6768,Di'Shon Bernard,,sheffield-wed,CB,69,65,40,54,60,68,76
6787,Ibrahim Cissoko,,bolton,LM,69,79,60,63,74,32,54
6789,Oliver Norwood,,stockport,CDM,69,34,63,71,64,66,63
6791,Scott Wright,,birmingham-city,RM,69,89,60,62,73,29,48
6798,Lewis Koumas,,birmingham-city,RM,69,78,63,62,70,26,61
6817,Makhtar Gueye,,blackburn-rovers,ST,69,62,68,54,59,32,84
6823,Mihailo Ivanović,,millwall,ST,69,71,69,51,66,33,68
6830,Joshua Quarshie,,southampton,CB,69,81,33,48,52,68,76
6836,Josh Bowler,,blackpool,RM,69,73,64,63,74,33,50
6872,Curtis Nelson,,derby-county,CB,69,62,36,51,56,68,80
6883,Maksym Talovierov,,stoke-city,CB,69,61,38,51,56,68,78
6895,Joel Latibeaudiere,,coventry-city,CB,69,53,38,57,60,70,72
6905,Michael Smith,,preston,ST,69,51,70,57,60,30,80
6914,Ben Wilmot,,stoke-city,CB,69,52,39,55,59,70,72
,,,,,,,,,,,
RANK,PLAYER,NAT,TEAM,POS,OVR,PAC,SHO,PAS,DRI,DEF,PHY
,,,,,,,,,,,
6939,Scott Wharton,,blackburn-rovers,CB,69,52,32,53,61,69,75
6943,Kévin Keben,,watford,CB,69,65,32,50,56,69,70
6963,Lewis Gibson,,preston,CB,69,53,33,51,59,69,72
6977,Michael Ihiekwe,,blackpool,CB,69,57,36,44,52,68,77
6990,Lloyd Jones,,charlton-ath,CB,69,55,36,45,46,67,80
6994,Jack Whatmough,,huddersfield,CB,69,49,26,49,57,68,78
7031,Pelly-Ruddock Mpanzu,,cambridge-utd,CM,68,77,63,66,69,67,81
7033,Harvey Knibbs,,charlton-ath,CM,68,72,67,64,67,65,82
7038,Svante Ingelsson,,sheffield-wed,CM,68,73,62,67,68,61,79
7045,Luke Leahy,,wycombe,LB,68,70,66,68,67,63,74
7049,Jamie Allen,,coventry-city,CM,68,75,61,66,69,65,71
7050,Demetri Mitchell,,leyton-orient,LM,68,89,62,63,67,59,67
7055,Lynden Gooch,,huddersfield,RB,68,78,61,62,67,63,74
7065,Josh Sheehan,,bolton,CDM,68,79,57,69,71,62,64
7066,David Kasumu,,huddersfield,CDM,68,77,54,59,67,66,79
7072,Moussa Baradji,,blackburn-rovers,CM,68,67,64,63,67,67,73
7089,Bailey Peacock-Farrell,,blackpool,GK,68,69,67,68,70,60,66
7098,Ethan Galbraith,,swansea-city,RB,68,72,63,66,69,63,66
7117,Josh Dacres-Cogley,,bolton,RB,68,89,51,60,66,59,72
7126,James McClean,,wrexham,LB,68,61,63,65,65,63,79
7127,Callum Paterson,,mk-dons,ST,68,61,66,64,65,58,82
7130,Jordan Thompson,,preston,CM,68,68,59,69,69,63,68
7131,Andre Dozzell,,portsmouth,CDM,68,70,61,66,69,63,67
7132,Mark Harris,,oxford-united,ST,68,84,66,61,69,47,69
7139,Junior Tchamadeu,,stoke-city,RB,68,82,54,60,67,61,72
7141,Greg Leigh,,oxford-united,LB,68,74,59,60,64,64,74
7147,Pierre Dwomoh,,watford,CM,68,72,56,67,73,56,71
7149,Matt Ritchie,,reading,RM,68,54,69,71,68,64,68
7159,Ousmane Diakité,,west-brom,CDM,68,68,57,63,62,66,78
7162,Alex Robertson,,cardiff-city,CAM,68,70,61,69,72,60,62
7169,Marcus McGuane,,huddersfield,CDM,68,77,50,65,69,62,70
7177,Brodie Spencer,,oxford-united,CB,68,85,46,56,64,65,77
7215,Joel Pereira,,reading,GK,68,69,65,66,69,55,66
7217,Corey Blackett-Taylor,,derby-county,LM,68,90,60,56,73,51,60
7239,Ben Osborn,,stockport,CM,68,63,64,70,70,63,59
7245,Kayne Ramsay,,charlton-ath,RB,68,79,51,59,67,64,69
7246,Billy Mitchell,,millwall,CM,68,66,54,64,68,66,71
7253,Aaron Collins,,mk-dons,ST,68,80,67,64,69,35,73
7265,Caleb Wiley,,watford,LB,68,76,52,63,72,62,63
7268,David Ozoh,,derby-county,CDM,68,65,55,61,68,63,76
7289,Davis Keillor-Dunn,,barnsley,ST,68,80,68,63,71,39,65
7294,Idris El Mizouni,,leyton-orient,CM,68,64,58,64,65,62,73
7295,Oliver Cooper,,wigan-athletic,CAM,68,70,61,65,71,58,61
7296,Niall Huggins,,wycombe,LB,68,83,52,58,70,63,60
7297,Hector Kyprianou,,watford,CDM,68,64,59,60,64,64,75
7298,Tatsuki Seko,,stoke-city,CDM,68,65,54,69,68,63,67
7308,Sidnei Tavares,,blackburn-rovers,CDM,68,66,56,66,66,63,68
7329,Josh Koroma,,leyton-orient,ST,68,84,67,60,70,39,64
7336,Liam Gibbs,,norwich,CM,68,66,57,64,68,65,64
7344,Camiel Neghli,,millwall,RM,68,81,68,63,67,40,65
7350,Max Power,,bradford-city,CDM,68,52,62,66,63,64,76
7367,Ryan Allsop,,birmingham-city,GK,68,66,67,72,69,42,66
7381,Will Vaulks,,oxford-united,CDM,68,51,62,65,62,66,75
7405,Marcus Harness,,huddersfield,LM,68,85,62,61,69,38,65
7423,Tyler Goodrham,,oxford-united,LM,68,74,64,64,68,51,59
7424,Enis Destan,,hull-city,ST,68,68,67,62,65,48,70
7434,Matty James,,wrexham,CDM,68,50,61,70,64,65,69
7437,Hakeem Odoffin,,luton-town,CB,68,69,50,57,60,68,75
7442,Max Johnston,,derby-county,RB,68,81,41,61,62,62,72
7455,Sam Smith,,wrexham,ST,68,73,66,57,65,42,75
7472,Jay Fulton,,swansea-city,CDM,68,54,56,64,66,66,71
7480,Femi Seriki,,sheffield-utd,RB,68,87,36,58,68,60,68
7490,Ben Wilson,,coventry-city,GK,68,70,67,62,71,41,65
7508,Jake Bidwell,,coventry-city,LB,68,63,47,63,61,66,75
7510,Adam Davies,,sheffield-utd,GK,68,69,65,65,69,40,67
7517,Paul Smyth,,qpr,RM,68,91,59,60,71,40,54
7526,Brau,,coventry-city,LB,68,71,49,62,66,64,62
7528,Adam Forshaw,,blackburn-rovers,CM,68,48,61,68,68,63,66
7529,Dominic Iorfa,,sheffield-wed,CB,68,82,40,54,58,65,75
7535,Kwadwo Baah,,watford,RM,68,88,62,59,69,31,65
7541,Sinclair Armstrong,,bristol-city,ST,68,89,65,54,65,23,78
7551,Conor Townsend,,ipswich,LB,68,65,46,64,67,68,63
7593,Charlie Kelman,,charlton-ath,ST,68,81,68,53,67,32,70
7622,Tristan Crama,,millwall,RB,68,66,43,56,62,67,76
7624,Amadou Mbengue,,qpr,CB,68,83,37,52,58,66,74
7654,Ishé Samuels-Smith,,swansea-city,LB,68,75,43,60,62,63,66
7660,Michael Rose,,salford-city,CB,68,70,39,58,60,68,73
7663,Regan Poole,,portsmouth,CB,68,68,41,55,60,68,76
7666,Rhys Norrington-Davies,,qpr,LB,68,68,44,61,64,65,66
7672,Harry Amass,,sheffield-wed,LB,68,74,42,62,67,65,58
7674,Ante Crnac,,norwich,ST,68,78,70,52,68,28,72
7687,Lamine Cissé,,stoke-city,ST,68,81,67,61,72,27,59
7700,Pleguezuelo,,plymouth-argyle,CB,68,74,35,55,65,67,70
7705,André Vidigal,,stoke-city,LM,68,85,63,60,71,28,59
7734,Jamie Paterson,,plymouth-argyle,CAM,68,69,66,68,70,39,52
7761,Sindre Walle Egeli,,ipswich,RW,68,84,60,60,70,24,64
7765,Devante Cole,,port-vale,ST,68,87,67,53,66,26,63
7771,Joe Gauci,,port-vale,GK,68,71,65,60,72,30,64
7817,Lyndon Dykes,,birmingham-city,ST,68,66,67,52,64,29,82
7823,Fally Mayulu,,bristol-city,ST,68,77,69,51,67,24,72
7827,Xavier Amaechi,,plymouth-argyle,RW,68,75,62,64,73,31,54
7841,Dion Sanderson,,derby-county,CB,68,66,40,54,58,67,73
7844,George Campbell,,west-brom,CB,68,78,33,43,60,66,78
7849,Yū Hirakawa,,bristol-city,RM,68,83,59,62,71,32,50
7853,Morgan Fox,,wigan-athletic,CB,68,58,42,56,61,69,71
7861,Aune Selland Heggebø,,west-brom,ST,68,68,66,54,68,23,78
7877,José Córdoba,,norwich,CB,68,72,31,53,61,65,73
7901,Matt Godden,,charlton-ath,ST,68,65,69,56,65,31,67
7907,Andri Lucas Guðjohnsen,,blackburn-rovers,ST,68,77,65,50,67,27,67
7918,Papa Amadou Diallo,,norwich,LM,68,80,67,60,70,23,52
,,,,,,,,,,,
RANK,PLAYER,NAT,TEAM,POS,OVR,PAC,SHO,PAS,DRI,DEF,PHY
,,,,,,,,,,,
7948,Cauley Woodrow,,wycombe,ST,68,55,71,59,68,30,64
7984,Max Cleworth,,wrexham,CB,68,67,29,49,59,67,74
7985,Caleb Taylor,,millwall,CB,68,59,39,51,54,69,73
8002,Jeremy Petris,,watford,RB,68,75,28,50,57,67,65
8005,Akin Famewo,,hull-city,CB,68,69,28,45,54,67,79
8047,Sean McLoughlin,,blackburn-rovers,CB,68,51,32,55,57,68,73
8062,Žan Vipotnik,,swansea-city,ST,68,62,67,55,65,22,64
8066,Murray Wallace,,huddersfield,CB,68,51,32,52,57,68,74
8073,Nathan Wood,,southampton,CB,68,69,24,47,54,68,71
8079,Ibane Bowat,,portsmouth,CB,68,51,30,48,57,67,79
8085,Marvin Ekpiteta,,mk-dons,CB,68,59,29,48,51,68,76
8122,Liam Morrison,,qpr,CB,68,51,31,48,55,68,68
8144,Carl Piergianni,,stevenage,CB,68,38,31,45,46,67,84
8146,Ben Gibson,,stoke-city,CB,68,43,28,48,46,69,74
8161,Nestory Irankunda,,watford,RM,67,88,70,62,70,43,74
8170,Kuryu Matsuki,,southampton,CM,67,73,65,65,71,58,70
8176,Kelechi Nwakali,,barnsley,CM,67,71,61,65,69,64,70
8178,Ethan Erhahon,,bolton,CDM,67,74,59,63,66,64,74
8185,Thierry Small,,preston,RM,67,83,54,61,69,60,72
8191,Shaun McWilliams,,rotherham-utd,CDM,67,74,58,61,65,62,78
8196,Mickel Miller,,huddersfield,LB,67,84,61,60,69,59,64
8199,Ryan Longman,,wrexham,LM,67,78,66,60,68,52,73
8206,Fred Onyedinma,,wycombe,RM,67,86,62,62,66,52,68
8212,Elliot Lee,,wrexham,CM,67,67,66,65,68,61,68
8216,Ben Wiles,,huddersfield,CM,67,72,66,66,68,58,65
8226,Tom Ince,,watford,CM,67,69,66,69,71,55,63
8235,Liam Palmer,,sheffield-wed,CB,67,67,59,63,64,65,74
8267,Lee Evans,,blackpool,CM,67,51,64,69,64,65,76
8271,Anis Slimane,,norwich,CM,67,65,61,62,68,58,75
8273,Dion De Neve,,blackburn-rovers,LB,67,81,61,62,67,60,58
8274,Xavier Simons,,bolton,CDM,67,69,55,63,64,64,74
8286,Nathaniel Méndez-Laing,,mk-dons,RM,67,78,65,63,67,49,65
8287,Jack Grimmer,,wycombe,RB,67,73,53,56,64,65,76
8292,Louie Sibley,,oxford-united,CAM,67,67,61,66,68,61,64
8293,Lewis Brunt,,wrexham,CB,67,77,49,58,64,65,74
8298,Cameron Humphreys,,ipswich,CM,67,67,62,66,68,60,64
8305,Albie Morgan,,blackpool,CM,67,70,58,68,66,57,67
8306,Luca Connell,,barnsley,CDM,67,65,58,66,66,61,70
8316,Terry Devlin,,portsmouth,RB,67,72,55,60,63,64,72
8319,Joe Edwards,,plymouth-argyle,RB,67,62,59,63,66,65,70
8323,Ryan Ledson,,huddersfield,CM,67,61,55,67,66,64,72
8324,Joe Ward,,derby-county,RB,67,80,55,63,68,58,61
8341,Conor Coventry,,charlton-ath,CDM,67,66,53,66,66,63,70
8342,Magnus Westergaard,,wycombe,CM,67,71,56,62,66,60,69
8349,Charlie Savage,,reading,CM,67,56,64,66,63,63,72
8375,Pol Valentín,,preston,RB,67,89,39,58,70,58,68
8411,Harrison Armstrong,,preston,CDM,67,65,57,62,68,62,66
8426,Jacob Wright,,norwich,CDM,67,65,54,66,64,63,67
8432,Daniel Grimshaw,,norwich,GK,67,69,62,69,69,45,65
8433,Stephen Humphrys,,bradford-city,ST,67,76,66,55,66,38,78
8453,Josh Scowen,,wycombe,CDM,67,58,55,63,65,64,73
8454,Matt Ingram,,oxford-united,GK,67,68,65,66,69,44,66
8463,Zak Swanson,,portsmouth,RB,67,72,48,64,64,63,67
8466,Lewis Bate,,stockport,CM,67,70,58,65,69,60,56
8468,Ollie Tanner,,cardiff-city,RM,67,74,62,62,68,55,57
8487,Matthew Sorinola,,plymouth-argyle,RB,67,77,48,59,66,62,65
8513,Will Norris,,wycombe,GK,67,67,66,66,67,44,66
8515,Sam Nombe,,rotherham-utd,ST,67,91,65,54,65,31,70
8542,Matt Phillips,,oxford-united,LM,67,66,67,65,67,43,66
8554,Sam Long,,oxford-united,CB,67,64,46,60,64,66,73
8568,Liam Thompson,,derby-county,CM,67,59,56,64,67,65,62
8574,Josh Vickers,,derby-county,GK,67,66,67,65,67,42,65
8580,Rubin Colwill,,cardiff-city,CAM,67,66,63,63,68,45,67
8602,Luke Cundle,,millwall,CM,67,71,62,67,68,51,52
8617,Macaulay Langstaff,,millwall,ST,67,81,66,54,66,36,68
8628,Ryan Nyambe,,derby-county,RB,67,77,35,57,65,64,72
8634,Jacob Farrell,,portsmouth,LB,67,68,45,55,60,65,77
8667,Marlon Pack,,portsmouth,CDM,67,36,62,69,64,64,73
8679,Craig Forsyth,,derby-county,LB,67,49,57,62,61,68,70
8680,Harry Cornick,,bristol-city,ST,67,77,65,59,68,37,61
8682,Lars-Jørgen Salvesen,,derby-county,ST,67,68,66,53,61,38,81
8695,Sam Tickle,,wigan-athletic,GK,67,67,66,65,68,34,67
8707,Steven Benda,,millwall,GK,67,67,65,61,70,37,66
8716,Lewis Dobbin,,preston,LM,67,85,63,57,68,41,52
8735,Rocco Vata,,watford,LM,67,85,65,59,71,32,53
8748,Radinio Balker,,huddersfield,CB,67,79,30,55,61,65,74
8764,Joseph Hungbo,,wigan-athletic,RM,67,76,63,62,70,33,59
8774,Callum Elder,,derby-county,LB,67,63,41,61,63,63,71
8780,Anders Hagelskjær,,wycombe,CB,67,55,48,61,59,67,72
8801,Millenic Alli,,luton-town,ST,67,85,65,52,67,24,67
8808,Ole Romeny,,oxford-united,RM,67,67,70,59,67,31,66
8830,Odel Offiah,,preston,RB,67,74,33,52,61,66,73
8837,Jamie Donley,,stoke-city,CAM,67,66,62,66,67,37,61
8843,Ched Evans,,fleetwood-town,ST,67,48,68,59,66,39,78
8867,Toby Sibbick,,burton-albion,RB,67,75,31,54,61,65,71
8870,Joel Randall,,bolton,CAM,67,80,62,64,68,33,50
8926,James Shea,,luton-town,GK,67,67,65,60,67,27,67
8964,Isaak Davies,,cardiff-city,ST,67,82,66,54,68,24,57
8990,George Johnston,,bolton,CB,67,63,33,51,61,66,75
8991,Augustus Kargbo,,blackburn-rovers,ST,67,82,67,55,69,20,56
9003,Tom Bradshaw,,oxford-united,ST,67,69,67,50,66,30,66
9026,Ricardo Santos,,swansea-city,CB,67,64,39,47,49,65,82
9029,Jack MacKenzie,,plymouth-argyle,LB,67,73,26,55,59,63,70
9031,Nigel Lonwijk,,luton-town,CB,67,69,35,47,55,65,75
9083,Jon Guthrie,,northampton,CB,67,50,40,51,50,66,82
9096,Sam Dalby,,bolton,ST,67,68,65,51,61,25,67
9104,Christ Makosso,,luton-town,CB,67,65,34,46,56,67,68
9106,Cameron Humphreys,,port-vale,CB,67,62,32,48,54,67,72
9130,Patrick Agyemang,,derby-county,ST,67,60,69,46,62,26,69
9135,Sean Raggett,,rotherham-utd,CB,67,50,42,43,45,66,84
,,,,,,,,,,,
RANK,PLAYER,NAT,TEAM,POS,OVR,PAC,SHO,PAS,DRI,DEF,PHY
,,,,,,,,,,,
9147,Fraser Horsfall,,blackpool,CB,67,54,38,44,45,66,81
9157,Kornél Szűcs,,plymouth-argyle,CB,67,53,32,49,52,67,74
9176,Dan Casey,,wycombe,CB,67,46,36,46,51,67,75
9178,Tom Holmes,,rotherham-utd,CB,67,46,25,55,55,66,73
9184,Eoin Toal,,bolton,CB,67,49,31,43,52,66,77
9188,Olly Casey,,blackpool,CB,67,55,27,45,51,67,72
9201,Joe Low,,huddersfield,CB,67,52,29,44,49,66,75
9213,Sonny Bradley,,lincoln-city,CB,67,45,29,45,46,67,77
9238,Joe Powell,,rotherham-utd,CM,66,73,64,67,68,60,67
9249,Adam Phillips,,barnsley,CM,66,73,65,66,66,59,67
9254,Daniel Phillips,,stevenage,CDM,66,75,56,59,62,63,81
9255,Jake Hollman,,walsall,CM,66,73,59,63,68,61,72
9260,Owen Moxon,,stockport,CM,66,66,61,65,65,62,76
9269,Greg Docherty,,charlton-ath,CDM,66,68,60,60,63,63,79
9270,Jordi Osei-Tutu,,bolton,RM,66,89,58,59,67,58,62
9271,Aaron Morley,,bolton,CM,66,68,60,68,64,62,71
9277,CJ Hamilton,,blackpool,LM,66,90,58,58,64,56,66
9281,Darko Gyabi,,hull-city,CM,66,68,57,63,68,64,72
9282,Axel Henriksson,,blackburn-rovers,CM,66,70,62,62,65,57,75
9283,Sam Hoskins,,northampton,RM,66,82,63,60,66,48,72
9302,Tendayi Darikwa,,lincoln-city,RB,66,77,50,61,63,62,76
9313,Dru Yearwood,,rotherham-utd,CDM,66,73,55,58,66,63,73
9321,Archie Collins,,peterborough,CDM,66,69,57,62,68,61,70
9346,Sam Clucas,,shrewsbury,CM,66,59,64,67,66,63,65
9349,Reeco Hackett,,lincoln-city,LM,66,80,63,60,65,50,66
9360,Garath McCleary,,gillingham,RM,66,73,64,64,67,49,66
9362,Jorge Grant,,salford-city,CM,66,65,62,67,67,56,66
9363,Luke Berry,,charlton-ath,CAM,66,60,65,65,67,61,65
9372,Deji Oshilaja,,mansfield-town,CB,66,72,52,55,59,62,82
9373,Dion Charles,,huddersfield,ST,66,81,65,58,64,42,72
9378,Kyle Joseph,,hull-city,ST,66,75,64,55,67,46,75
9390,Kayden Jackson,,derby-county,ST,66,91,64,58,66,42,60
9392,Herbie Kane,,huddersfield,CM,66,59,58,66,68,61,69
9395,Luke Le Roux,,portsmouth,CM,66,62,59,62,67,60,71
9417,Ryan Barnett,,wrexham,RB,66,82,50,63,66,58,61
9423,George Thomason,,wrexham,CM,66,62,59,63,66,63,67
9430,Daniel Udoh,,salford-city,ST,66,81,64,53,65,39,77
9445,Cameron Dawson,,rotherham-utd,GK,66,66,65,64,67,50,66
9448,Antony Evans,,huddersfield,CM,66,60,63,67,65,58,65
9449,Luke Molyneux,,doncaster,RM,66,82,61,61,64,49,61
9455,Melker Widell,,swansea-city,CM,66,72,58,63,67,54,64
9458,Kieran Morgan,,qpr,CM,66,68,60,64,67,57,61
9465,Caolán Boyd-Munce,,wycombe,CDM,66,63,57,63,64,64,66
9476,Brad Collins,,burton-albion,GK,66,67,63,70,67,43,66
9481,Ruben Roosken,,huddersfield,LB,66,80,44,59,65,59,69
9483,Sonny Carey,,charlton-ath,CM,66,63,65,64,66,55,63
9491,Tom Barkhuizen,,barrow,RM,66,77,60,62,65,49,62
9496,Niall Ennis,,blackpool,ST,66,82,64,53,67,40,69
9504,Daniel Harvie,,wycombe,LB,66,76,47,58,61,61,71
9506,Jordan Williams,,portsmouth,RB,66,74,46,58,64,63,69
9513,Nathanael Ogbeta,,barnsley,LB,66,80,45,53,66,60,70
9514,Ben Chrisene,,norwich,LB,66,72,52,61,65,61,63
9527,Derrick Williams,,reading,CB,66,66,46,58,62,64,77
9549,Ollie O'Neill,,leyton-orient,LM,66,80,59,60,65,49,60
9550,Joe Whitworth,,exeter-city,GK,66,65,67,66,65,46,64
9576,Liam Roberts,,mansfield-town,GK,66,65,64,63,66,47,66
9579,Tyler Roberts,,mansfield-town,ST,66,70,64,62,70,38,67
9590,Dillon Phillips,,hull-city,GK,66,66,65,62,66,46,65
9603,Joe Taylor,,huddersfield,ST,66,85,66,51,66,35,67
9608,Reece James,,rotherham-utd,LB,66,70,50,57,65,63,64
9612,Nathan Baxter,,watford,GK,66,67,66,62,67,41,66
9660,John McAtee,,bolton,ST,66,79,64,61,67,38,58
9661,Josh Earl,,barnsley,CB,66,70,45,56,57,65,74
9678,Jamie McDonnell,,mansfield-town,CDM,66,61,50,55,58,66,76
9689,Lewis Miller,,blackburn-rovers,RB,66,66,45,58,60,64,73
9690,Peter Kioso,,peterborough,RB,66,69,45,58,63,63,68
9716,Oliver Turton,,salford-city,RB,66,69,42,57,64,63,69
9719,Paul Mullin,,wigan-athletic,ST,66,71,68,56,64,39,66
9722,Andy Fisher,,swansea-city,GK,66,66,64,68,67,34,65
9728,Florian Bianchini,,portsmouth,ST,66,84,64,60,68,30,58
9743,George Long,,southampton,GK,66,68,66,66,68,31,64
9754,Rob Apter,,charlton-ath,RM,66,90,60,58,68,43,44
9764,Lee Nicholls,,huddersfield,GK,66,65,67,58,66,41,65
9766,Joe Rafferty,,rotherham-utd,RB,66,65,38,60,63,64,72
9767,Jason Kerr,,wigan-athletic,CB,66,67,44,52,58,64,77
9785,Owen Dale,,plymouth-argyle,RM,66,82,58,60,68,31,62
9794,Jack Currie,,oxford-united,LB,66,76,41,56,66,62,60
9812,Jamie Reid,,stevenage,ST,66,76,66,55,66,24,73
9816,Isaac Olaofe,,charlton-ath,ST,66,91,62,50,66,20,71
9829,Jordan Gabriel,,port-vale,RB,66,80,36,54,62,61,66
9838,Thimothée Lo-Tutala,,doncaster,GK,66,66,64,63,68,35,63
9849,Jack Walton,,preston,GK,66,67,64,60,66,34,67
9860,Abdoulaye Kanté,,middlesbrough,CDM,66,64,41,58,64,64,67
9864,Hayden Coulson,,blackpool,LB,66,76,38,56,66,60,61
9878,Stanley Mills,,oxford-united,RM,66,73,63,61,66,36,58
9885,Balázs Tóth,,blackburn-rovers,GK,66,68,66,60,69,31,62
9890,Wes Harding,,millwall,CB,66,69,39,52,58,64,74
9897,Sol Brynn,,middlesbrough,GK,66,65,65,62,66,33,65
9906,James Collins,,lincoln-city,ST,66,52,66,55,64,41,77
9907,Luke Thomas,,bristol-rovers,RM,66,83,55,60,69,37,51
9957,Josh McEachran,,bristol-rovers,CDM,66,48,51,67,67,62,57
9962,Ben Nelson,,leicester-city,CB,66,69,34,52,61,64,72
9970,Brendan Galloway,,plymouth-argyle,CB,66,64,37,57,62,65,66
9993,Dan Kemp,,stevenage,CAM,66,80,64,63,69,30,44
10001,Macaulay Gillesphey,,charlton-ath,CB,66,54,47,54,55,65,74
10015,Jay Rodriguez,,wrexham,ST,66,50,69,63,65,38,63
10029,Rhys Healey,,barrow,ST,66,61,68,60,67,32,59
10033,Kion Etete,,rotherham-utd,ST,66,68,64,45,61,33,76
10037,Sam Bell,,wycombe,LM,66,78,62,57,67,23,60
10072,Liam Kelly,,rotherham-utd,CDM,66,35,54,64,58,66,67
,,,,,,,,,,,
RANK,PLAYER,NAT,TEAM,POS,OVR,PAC,SHO,PAS,DRI,DEF,PHY
,,,,,,,,,,,
10073,Matthew Pennington,,bradford-city,CB,66,63,33,56,52,66,74
10079,Ali Al Hamadi,,luton-town,ST,66,79,63,47,64,18,73
10080,James Abankwah,,watford,CB,66,70,35,45,60,65,69
10095,Nathan Lowe,,stockport,ST,66,65,65,50,63,29,71
10127,Ethan Pye,,stockport,CB,66,68,31,47,55,65,74
10132,Amario Cozier-Duberry,,bolton,RM,66,79,59,59,71,28,43
10154,Matty Pearson,,doncaster,CB,66,51,50,43,50,66,76
10170,Arttu Hoskonen,,stockport,CB,66,65,36,48,48,65,72
10175,Sam Hughes,,peterborough,CB,66,51,41,49,49,65,78
10190,Maël de Gevigney,,barnsley,CB,66,63,28,51,53,67,69
10198,Dan Scarr,,wrexham,CB,66,51,40,46,49,65,78
10203,Josh Coburn,,millwall,ST,66,56,65,49,63,25,70
10214,Yousef Salech,,cardiff-city,ST,66,66,65,45,62,20,68
10244,Chris Forino,,bolton,CB,66,70,24,39,47,65,76
10279,Paudie O'Connor,,reading,CB,66,47,25,40,49,64,81
10287,Ryan Tafazolli,,swindon-town,CB,66,40,28,42,47,65,76
10293,Marc Roberts,,barnsley,CB,66,41,24,42,43,65,74
10296,Alex Gilbey,,mk-dons,CAM,65,78,64,62,65,58,80
10300,Bosun Lawal,,stoke-city,CM,65,71,60,64,63,64,79
10306,Ollie Norburn,,notts-county,CM,65,69,61,64,65,63,74
10311,Brendan Wiredu,,plymouth-argyle,CB,65,79,56,58,63,63,75
10312,Reece Cole,,exeter-city,CM,65,69,65,65,67,58,69
10319,Tom Bayliss,,lincoln-city,CM,65,75,59,65,66,59,68
10322,Corey O'Keeffe,,stockport,RB,65,82,54,60,63,56,76
10323,Odin Bailey,,stockport,CM,65,82,60,64,68,56,61
10326,Kyle Dempsey,,bolton,CM,65,72,60,63,65,60,70
10333,Nick Powell,,bradford-city,CM,65,65,67,67,67,55,67
10336,Jordan Shipley,,port-vale,LM,65,65,64,65,64,60,70
10342,Will Collar,,mk-dons,CM,65,66,62,61,65,60,73
10348,Abraham Odoh,,peterborough,LM,65,88,59,56,68,47,68
10354,Jordan Roberts,,stevenage,RM,65,79,60,61,64,48,73
10361,Cohen Bramall,,luton-town,LB,65,92,47,59,64,57,65
10365,Will Evans,,mansfield-town,ST,65,76,62,58,61,51,76
10366,George Abbott,,wycombe,CM,65,72,60,63,65,60,63
10374,Mitch Pinnock,,bromley-fc,LM,65,76,64,62,63,49,68
10378,Christian Saydee,,wigan-athletic,ST,65,71,62,57,66,43,83
10384,Ibou Touray,,bradford-city,LB,65,84,50,58,62,57,70
10385,Andy Yiadom,,reading,RB,65,74,52,57,63,61,74
10386,Tom James,,leyton-orient,RB,65,64,59,63,61,60,74
10399,Thomas O'Connor,,peterborough,CB,65,66,57,62,60,63,72
10410,Luke Southwood,,bristol-rovers,GK,65,65,64,68,64,54,64
10421,Tom Hamer,,lincoln-city,CB,65,70,48,57,60,61,82
10440,Harvey Vale,,qpr,LM,65,75,60,62,65,57,58
10444,Mal Benning,,shrewsbury,LB,65,72,54,60,63,60,67
10446,Gethin Jones,,mk-dons,CB,65,74,46,56,62,63,75
10456,Jordan Houghton,,stevenage,CM,65,56,53,64,61,64,77
10459,Luther James-Wildin,,stevenage,RB,65,80,49,53,60,59,74
10461,Callum Wright,,wigan-athletic,CAM,65,67,61,63,67,55,62
10471,Josh Edwards,,charlton-ath,LB,65,73,53,58,60,61,69
10474,Jodi Jones,,notts-county,RW,65,88,59,61,66,51,49
10475,Jon Russell,,barnsley,CM,65,50,61,62,61,64,76
10487,Callum Connolly,,stockport,CB,65,55,56,62,63,63,74
10488,Andy Lyons,,blackpool,RB,65,71,58,60,62,61,61
10492,Matthew Garbett,,peterborough,CAM,65,68,61,62,65,52,65
10502,Ben Winterburn,,barnet,CDM,65,66,54,62,63,61,66
10504,James Tilley,,wycombe,LM,65,76,61,60,65,55,55
10505,Sean Clare,,leyton-orient,RB,65,72,50,58,62,62,68
10506,George Nurse,,shrewsbury,LB,65,71,53,58,60,63,67
10515,Kealey Adamson,,qpr,RB,65,74,45,57,62,60,74
10518,George Byers,,port-vale,CM,65,58,61,61,65,60,66
10537,Daniel Crowley,,mk-dons,CAM,65,77,61,65,68,47,52
10554,Josh Keeley,,luton-town,GK,65,68,63,61,68,45,64
10569,Paddy Lane,,reading,LM,65,72,64,61,67,50,54
10570,Georgie Gent,,barnsley,LB,65,85,48,58,64,56,57
10572,Ben Elliott,,reading,CM,65,65,55,64,70,57,57
10575,Elliott Hewitt,,mansfield-town,RB,65,71,48,55,58,61,74
10576,Max Crocombe,,millwall,GK,65,64,65,62,65,47,64
10591,James Husband,,blackpool,LB,65,63,49,59,62,63,70
10594,Zak Jules,,rotherham-utd,CB,65,73,40,57,59,62,75
10595,Andrija Vukčević,,preston,LB,65,65,52,59,59,62,69
10602,Tyreece Campbell,,charlton-ath,LM,65,87,61,55,69,31,63
10605,Dion Rankine,,crewe-alexandra,RM,65,88,52,58,67,56,45
10612,Jack Bonham,,stoke-city,GK,65,66,62,65,65,43,64
10614,Bradley Dack,,gillingham,CAM,65,59,64,65,68,52,57
10620,Steven Sessegnon,,wigan-athletic,LB,65,76,46,58,63,61,61
10627,Daniel Kyerewaa,,reading,CAM,65,77,50,62,71,47,58
10635,Jack Payne,,colchester,CAM,65,70,62,65,69,51,47
10657,Denver Hume,,fleetwood-town,LB,65,79,37,59,63,57,68
10663,Lorent Tolaj,,plymouth-argyle,ST,65,74,64,56,62,33,74
10664,Malachi Boateng,,plymouth-argyle,CDM,65,59,51,60,63,64,66
10678,Wanya Marçal,,leicester-city,RM,65,87,58,60,64,41,52
10703,Luke Harris,,oxford-united,CAM,65,66,63,63,68,43,58
10706,Malik Mothersille,,stockport,LM,65,83,62,55,66,31,64
10709,Will Mannion,,charlton-ath,GK,65,63,67,64,64,37,65
10711,Josef Bursik,,portsmouth,GK,65,64,63,64,66,40,63
10712,Owen Bailey,,doncaster,CDM,65,61,46,56,56,61,80
10718,Liam Bennett,,cambridge-utd,RB,65,81,36,56,66,58,63
10721,Oscar Schwartau,,norwich,CAM,65,73,59,60,68,37,63
10729,Marko Maroši,,port-vale,GK,65,64,63,61,65,41,65
10737,Sean Roughan,,huddersfield,CB,65,65,41,59,58,64,72
10738,Jordan Brown,,blackpool,CDM,65,66,43,57,60,62,71
10742,Owen Goodman,,huddersfield,GK,65,64,63,64,66,38,64
10766,Jake Beesley,,burton-albion,ST,65,70,64,49,61,44,69
10784,Carlos Mendes Gomes,,exeter-city,LM,65,82,60,58,67,31,58
10787,Jacob Chapman,,huddersfield,GK,65,64,61,69,66,32,64
10810,Matty Jacob,,reading,LB,65,67,40,58,62,63,65
10812,Alassana Jatta,,notts-county,ST,65,72,62,50,62,36,73
10815,Adrian Segečić,,portsmouth,LM,65,80,67,61,67,34,46
10824,Jordan Hugill,,rotherham-utd,ST,65,59,64,54,62,37,78
10826,Samuel Silvera,,middlesbrough,LM,65,72,59,58,69,36,60
,,,,,,,,,,,
RANK,PLAYER,NAT,TEAM,POS,OVR,PAC,SHO,PAS,DRI,DEF,PHY
,,,,,,,,,,,
10830,Pierce Charles,,sheffield-wed,GK,65,65,65,65,64,31,64
10854,Victor Adeboyejo,,bolton,ST,65,75,65,51,64,27,70
10871,David McGoldrick,,barnsley,ST,65,55,66,63,67,32,68
10872,Josh Magennis,,exeter-city,ST,65,48,64,55,60,42,82
10876,Terence Vancooten,,burton-albion,CB,65,69,37,51,56,63,75
10879,Kelland Watts,,cambridge-utd,CB,65,60,47,52,57,64,71
10900,Harry Leonard,,peterborough,ST,65,73,66,51,65,36,59
10903,Finley Burns,,reading,CB,65,56,45,56,59,64,70
10915,Kyle Wootton,,stockport,ST,65,68,62,47,63,26,83
10924,Josh Griffiths,,west-brom,GK,65,65,63,62,66,30,63
10925,Jeriel Dorsett,,reading,CB,65,68,32,52,59,62,76
10929,Daniel Jebbison,,preston,ST,65,74,63,49,63,30,70
10944,Ashley Fletcher,,blackpool,ST,65,71,64,50,61,33,69
10945,Mickey Demetriou,,crewe-alexandra,CB,65,50,47,55,56,64,76
10947,Jonny Smith,,gillingham,RM,65,84,58,60,67,37,42
10950,Shayne Lavery,,cambridge-utd,ST,65,77,66,52,67,24,62
10952,Alex Lowry,,wycombe,CAM,65,65,61,65,68,34,55
10953,Michael Craig,,leyton-orient,RB,65,57,38,59,63,63,68
10967,Ryley Towler,,lincoln-city,CB,65,67,36,51,58,64,71
10979,Mathew Stevens,,afc-wimbledon,ST,65,74,64,50,64,23,71
10989,Max Conway,,bolton,LB,65,76,36,56,63,56,59
10992,James Morris,,watford,LB,65,60,36,57,62,65,66
11002,Bradley Fink,,wycombe,ST,65,73,61,44,62,30,75
11009,Miles Leaburn,,charlton-ath,ST,65,68,64,49,61,27,76
11017,Corey Addai,,stockport,GK,65,65,63,65,65,22,64
11022,Joel Bagan,,cardiff-city,LB,65,67,38,56,59,62,62
11034,Dominic Ball,,cambridge-utd,CDM,65,55,43,56,59,64,66
11042,Rayan Kolli,,qpr,ST,65,77,63,58,67,26,52
11050,Taye Ashby-Hammond,,stevenage,GK,65,64,64,62,65,23,64
11060,Dilan Markanday,,chesterfield,RM,65,75,61,58,70,24,53
11071,Andy Cook,,bradford-city,ST,65,52,64,53,59,28,84
11072,Jack Marriott,,reading,ST,65,73,65,51,65,25,61
11129,Dan Sweeney,,stevenage,CB,65,49,42,51,54,64,75
11132,Joseph Olowu,,stockport,CB,65,73,32,42,51,64,73
11169,Jordan Thorniley,,northampton,CB,65,56,34,52,55,65,69
11181,Luca Kjerrumgaard,,watford,ST,65,68,63,49,61,22,67
11184,Richard Taylor,,bolton,CB,65,65,31,46,56,64,67
11200,Tom Lees,,peterborough,CB,65,50,36,49,55,66,71
11222,Charlie Goode,,stevenage,CB,65,53,32,48,54,64,73
11225,Lewis Montsma,,lincoln-city,CB,65,51,34,48,56,64,71
11236,Omar Beckles,,leyton-orient,CB,65,50,32,45,53,64,78
11250,Dan Happe,,leyton-orient,CB,65,54,28,47,47,64,80
11255,Will Aimson,,wigan-athletic,CB,65,53,33,48,50,64,71
11260,Connor Taylor,,wycombe,CB,65,57,29,45,49,65,73
11282,Joe Wright,,bradford-city,CB,65,36,35,50,53,64,76
11283,Mathias Ross,,plymouth-argyle,CB,65,37,32,52,54,66,73
11290,Aden Flint,,walsall,CB,65,35,44,43,49,64,77
11305,Adam Jackson,,lincoln-city,CB,65,49,30,42,50,64,70
11321,Connor Hall,,port-vale,CB,65,47,27,39,43,65,77
11329,Patrick Bauer,,afc-wimbledon,CB,65,32,38,47,40,65,69
11334,Ben Garrity,,port-vale,CM,64,79,60,60,64,62,73
11336,Jayden Fevrier,,stockport,RM,64,91,55,56,65,51,78
11337,Louis Appéré,,cambridge-utd,ST,64,81,62,62,66,46,78
11339,Alistair Smith,,afc-wimbledon,CM,64,77,59,60,64,58,74
11343,Armani Little,,gillingham,CM,64,78,61,62,66,58,64
11347,Matt Palmer,,notts-county,CM,64,75,56,64,66,58,69
11350,Taylor Allen,,wycombe,CB,64,77,53,60,61,62,74
11351,Ted Bishop,,colchester,CDM,64,71,60,65,68,58,64
11354,Josh Neufville,,bradford-city,RB,64,82,57,58,63,55,70
11360,Kian Spence,,rotherham-utd,CM,64,69,59,63,65,59,69
11361,Matt Smith,,newport-county,CM,64,70,56,63,68,59,67
11365,Vincent Harper,,walsall,LB,64,90,45,54,66,55,73
11367,Andy Cannon,,wrexham,CM,64,70,57,62,66,61,66
11371,Will Wright,,swindon-town,CB,64,69,54,60,58,61,80
11373,Isaac Hutchinson,,cheltenham-town,CM,64,72,61,64,66,52,67
11379,Dominic Jefferies,,lincoln-city,LM,64,73,55,60,64,59,70
11382,Neil Farrugia,,barnsley,LB,64,84,54,57,64,55,66
11383,Liam Shaw,,northampton,CM,64,68,56,59,65,60,72
11391,Edward Francis,,exeter-city,CM,64,64,58,62,63,63,69
11393,Shaun Rooney,,fleetwood-town,RB,64,68,52,59,60,59,81
11397,Ellis Iandolo,,colchester,LB,64,69,53,61,60,59,76
11398,Barry Cotter,,notts-county,RB,64,83,52,57,60,57,69
11399,Jordan Gibson,,doncaster,LM,64,83,59,58,64,54,60
11400,Harvey White,,stevenage,CDM,64,65,59,66,65,61,62
11411,Louis Thompson,,stevenage,CDM,64,69,52,61,64,62,68
11413,Bryn Morris,,harrogate-town,CDM,64,67,60,59,61,59,70
11420,Azeem Abdulai,,leyton-orient,LM,64,72,55,60,62,58,69
11425,Mason Bennett,,harrogate-town,ST,64,75,60,61,65,42,72
11433,Alex Bass,,peterborough,GK,64,64,62,63,65,58,62
11446,Ethon Archer,,cheltenham-town,LM,64,85,56,55,65,48,64
11452,Jensen Weir,,wigan-athletic,CM,64,67,63,60,64,58,61
11461,Tyreeq Bakinson,,leyton-orient,CM,64,57,56,59,64,63,73
11475,Luke Garbutt,,salford-city,LB,64,68,53,61,59,61,69
11476,Jake Reeves,,afc-wimbledon,CM,64,69,56,63,65,57,61
11478,Tom Naylor,,chesterfield,CB,64,62,55,60,56,63,75
11480,Tayo Edun,,stockport,LB,64,73,52,58,63,60,65
11482,Matt Butcher,,salford-city,CM,64,53,60,62,61,61,74
11487,Ryan Stirk,,chesterfield,CDM,64,71,50,58,60,60,72
11502,Callum Stead,,barnet,CAM,64,76,62,59,65,40,67
11504,Korey Smith,,cambridge-utd,CM,64,57,55,61,65,63,68
11508,Jamie Sterry,,doncaster,RB,64,71,50,57,61,58,72
11512,Liam Gordon,,port-vale,LB,64,81,47,54,61,56,70
11522,Steve Seddon,,afc-wimbledon,LB,64,72,48,60,62,58,68
11527,Ar'jany Martha,,rotherham-utd,LB,64,82,49,60,67,56,54
11534,Billy Bodin,,swindon-town,RW,64,69,63,63,66,46,60
11535,Liam Mandeville,,chesterfield,RM,64,72,58,63,62,51,61
11538,Anthony Hartigan,,barnet,CM,64,56,57,65,62,58,69
11539,Lasse Sørensen,,huddersfield,RB,64,69,57,59,62,59,61
11542,Ossama Ashley,,salford-city,CDM,64,69,48,55,61,61,73
11552,Dan Butler,,stevenage,LB,64,73,45,56,62,59,71
,,,,,,,,,,,
RANK,PLAYER,NAT,TEAM,POS,OVR,PAC,SHO,PAS,DRI,DEF,PHY
,,,,,,,,,,,
11568,Olaf Kobacki,,sheffield-wed,LM,64,76,59,60,65,46,60
11575,George Evans,,burton-albion,CDM,64,57,58,60,60,63,67
11581,Josh Flint,,crawley-town,CB,64,75,44,56,60,64,66
11596,Connor Barrett,,walsall,RB,64,80,39,56,62,57,70
11597,Lewis Fiorini,,stockport,CM,64,65,59,60,66,55,59
11598,Zac Ashworth,,blackpool,LB,64,69,52,57,61,60,65
11600,Bobby Clark,,derby-county,CM,64,67,57,64,69,51,56
11604,Jordan Archer,,portsmouth,GK,64,64,63,64,64,43,65
11605,Louis Reed,,mansfield-town,CDM,64,60,54,62,62,59,66
11610,Aidomo Emakhu,,millwall,LM,64,82,60,55,65,38,63
11620,Richard Smallwood,,tranmere-rovers,CM,64,49,56,64,60,60,73
11623,Jack Sparkes,,bristol-rovers,LB,64,70,46,61,62,59,64
11637,Bradley Halliday,,bradford-city,RB,64,77,40,54,60,58,72
11638,Liam Kelly,,mk-dons,CM,64,69,59,64,67,54,48
11642,Ben House,,lincoln-city,ST,64,67,63,48,61,45,77
11644,Udoka Godwin-Malifé,,burton-albion,CB,64,81,32,53,59,61,75
11645,Ben Jackson,,barrow,LB,64,73,44,61,61,57,65
11650,Kelvin Abrefa,,reading,RB,64,77,42,54,64,59,65
11652,Jayden Wareham,,exeter-city,ST,64,71,64,54,61,37,74
11661,Ryan Croasdale,,port-vale,CM,64,60,53,61,65,61,60
11669,Fraser Murray,,wigan-athletic,LM,64,73,58,61,65,52,51
11670,Matthew Smith,,wigan-athletic,CDM,64,62,54,60,65,60,59
11673,James Berry,,chesterfield,LM,64,79,62,56,64,39,60
11674,Ethan Bristow,,tranmere-rovers,LB,64,82,38,55,58,56,71
11684,Matt Macey,,colchester,GK,64,65,64,64,64,39,63
11688,Omari Patrick,,tranmere-rovers,LM,64,83,61,55,63,27,70
11690,Clinton Mola,,bristol-rovers,LB,64,72,42,58,63,61,63
11691,Jay Williams,,crawley-town,CDM,64,65,42,54,57,61,80
11692,Rio Adebisi,,peterborough,LB,64,78,44,53,61,57,66
11698,Lucien Mahovo,,norwich,LB,64,78,42,57,60,59,63
11702,Josh Stokes,,bristol-city,CAM,64,74,62,60,65,41,56
11706,Ben Hinchliffe,,stockport,GK,64,65,60,62,66,40,65
11711,Kelle Roos,,notts-county,GK,64,65,61,62,64,42,64
11715,Jack Diamond,,stockport,RM,64,88,58,55,65,34,58
11728,Marcus Browne,,afc-wimbledon,LM,64,82,60,61,66,28,60
11732,Frazer Blake-Tracy,,mansfield-town,LB,64,69,37,56,58,62,75
11735,Kelvin Ehibhatiomhan,,reading,LW,64,77,64,52,65,30,69
11750,Murphy Cooper,,barnsley,GK,64,65,65,60,64,41,61
11763,Ashley Maynard-Brewer,,charlton-ath,GK,64,66,61,63,66,39,60
11766,Kyle John,,port-vale,LB,64,76,43,54,64,58,60
11779,Lewis Freestone,,stevenage,CB,64,75,33,50,58,62,76
11780,Nathan Bishop,,afc-wimbledon,GK,64,65,62,60,65,39,63
11782,Ruel Sotiriou,,bristol-rovers,ST,64,82,64,56,68,22,62
11790,Vicente Reyes,,peterborough,GK,64,64,62,63,64,38,63
11800,Armando Quitirna,,wycombe,RM,64,72,60,60,68,46,47
11833,Franco Ravizzoli,,blackpool,GK,64,64,64,66,65,27,65
11839,Nils Zätterström,,sheffield-utd,CB,64,74,34,49,55,60,78
11845,Jacob Bedeau,,notts-county,CB,64,74,36,47,55,63,75
11863,Tom Bloxham,,blackpool,RM,64,77,61,54,63,27,67
11868,Mark O'Mahony,,reading,ST,64,74,63,53,62,30,67
11889,Micah Hamilton,,middlesbrough,LM,64,80,62,58,69,29,49
11898,Pierce Sweeney,,exeter-city,CB,64,52,44,58,57,63,73
11900,Glenn Middleton,,doncaster,LM,64,83,57,59,64,27,57
11911,Reuell Walters,,luton-town,RB,64,67,38,53,61,62,66
11919,Baily Cargill,,mansfield-town,CB,64,62,37,52,55,62,78
11921,Taylor Moore,,bristol-rovers,CB,64,59,37,58,58,63,71
11936,David Cornell,,preston,GK,64,65,62,60,66,32,60
11937,Anthony O'Connor,,harrogate-town,CB,64,51,44,52,54,63,81
11938,Dom Dwyer,,mansfield-town,ST,64,62,66,51,63,32,71
11940,Tennai Watson,,barnsley,RB,64,72,39,55,60,59,60
11941,Rarmani Edmonds-Green,,leyton-orient,CB,64,68,31,54,58,62,72
11943,Sam Sherring,,cheltenham-town,CB,64,76,31,48,54,63,73
11972,Mason Burstow,,bolton,ST,64,71,65,51,62,27,68
11980,Zach Hemming,,chesterfield,GK,64,65,62,61,63,28,64
11989,Brad Hills,,stockport,CB,64,67,40,44,54,63,75
12005,Alex Hartridge,,burton-albion,CB,64,69,28,51,55,63,75
12008,Will Goodwin,,colchester,ST,64,70,61,46,62,28,74
12014,Alfie Kilgour,,bristol-rovers,CB,64,60,46,44,52,62,76
12015,Jack Aitchison,,exeter-city,CAM,64,81,60,60,66,26,47
12017,Liam Fraser,,reading,CDM,64,58,38,59,50,61,74
12034,Freddie Ladapo,,huddersfield,ST,64,77,63,47,61,25,66
12036,Jake Young,,stevenage,ST,64,80,62,47,62,25,63
12040,Bailey Cadamarteri,,sheffield-wed,ST,64,76,62,47,62,32,60
12054,Tammer Bany,,west-brom,CAM,64,69,63,56,65,24,60
12057,Will Lankshear,,oxford-united,ST,64,64,63,51,62,27,70
12058,Max Alleyne,,watford,CB,64,74,27,45,59,63,69
12076,Jayden Stockley,,port-vale,ST,64,52,62,49,58,34,81
12080,Shayden Morris,,luton-town,RM,64,90,57,57,65,24,43
12082,Alex Gilbert,,middlesbrough,LM,64,66,61,61,64,27,57
12083,Lasse Nordås,,luton-town,ST,64,76,61,47,61,25,66
12091,Jack Fitzwater,,exeter-city,CB,64,63,37,48,54,64,69
12095,Joe Lewis,,afc-wimbledon,CB,64,61,39,44,51,63,77
12103,Michael Cheek,,bromley-fc,ST,64,59,63,47,58,33,74
12122,Sam Vokes,,gillingham,ST,64,33,64,57,56,42,81
12139,Oscar Wallin,,peterborough,CB,64,67,25,53,56,62,69
12142,Tom Eaves,,northampton,ST,64,48,65,46,59,37,76
12151,Hayden Matthews,,portsmouth,CB,64,70,26,47,52,63,72
12164,Ryan Sweeney,,mansfield-town,CB,64,53,34,49,51,61,81
12178,Sam Stubbs,,shrewsbury,CB,64,63,29,41,53,63,78
12190,Zech Medley,,fleetwood-town,CB,64,63,30,44,51,63,75
12208,Jack Simpson,,leyton-orient,CB,64,50,37,51,55,63,68
12216,James Wilson,,cheltenham-town,CB,64,49,38,49,48,63,76
12218,Ollie Palmer,,swindon-town,ST,64,42,64,53,56,28,80
12220,Tom McIntyre,,bradford-city,CB,64,43,37,54,59,62,68
12230,Ed Turns,,exeter-city,CB,64,58,31,45,52,63,72
12231,Connor O'Riordan,,doncaster,CB,64,55,32,47,49,63,75
12232,Mamadou Doumbia,,watford,ST,64,63,64,48,60,22,63
12258,Jack Shepherd,,barnsley,CB,64,58,33,43,46,63,74
12263,Chey Dunkley,,chesterfield,CB,64,49,36,42,49,63,76
12264,Will Forrester,,bolton,CB,64,55,24,47,56,63,70
RANK,PLAYER,NAT,TEAM,POS,OVR,PAC,SHO,PAS,DRI,DEF,PHY
,,,,,,,,,,,
12270,Alex Mitchell,,,CB,64,51,35,42,45,63,78
12297,Stephan Negru,,plymouth-argyle,CB,64,56,25,42,48,63,72
12305,Nathan Smith,,bristol-rovers,CB,64,52,31,38,42,62,78
12306,William Boyle,,tranmere-rovers,CB,64,44,29,44,48,62,76
12328,Kyle McFadzean,,shrewsbury,CB,64,31,37,45,44,64,71
12334,Jamie Walker,,chesterfield,CM,63,78,60,63,67,58,69
12336,James Brophy,,grimsby-town,CM,63,85,53,61,65,57,70
12338,Jordan Bowery,,cambridge-utd,CB,63,83,57,52,61,59,77
12344,Ben Fox,,mansfield-town,CDM,63,76,58,58,63,59,72
12347,Cameron McGeehan,,harrogate-town,CAM,63,67,61,59,64,57,75
12350,Ben Thompson,,northampton,CM,63,69,59,61,66,59,68
12351,Jon Mellish,,bromley-fc,CB,63,71,57,58,57,62,77
12352,Jamie Jellis,,mk-dons,CM,63,69,58,60,65,58,72
12358,Aaron Lewis,,walsall,CM,63,65,57,61,66,59,71
12359,Louie Moulden,,mansfield-town,GK,63,61,60,70,65,60,63
12361,Danny Imray,,norwich,RB,63,78,54,58,64,54,70
12362,Andre Garcia,,blackpool,LB,63,85,55,57,67,55,59
12368,Scott High,,reading,CM,63,71,57,63,64,58,65
12369,Robbie Gotts,,barnet,CM,63,76,54,61,65,57,65
12375,Arthur Read,,doncaster,CDM,63,66,58,64,64,56,68
12377,Tyrese Fornah,,colchester,CM,63,62,57,60,65,60,72
12378,Ilmari Niskanen,,northampton,RM,63,74,57,59,65,57,64
12379,Karoy Anderson,,exeter-city,CM,63,71,55,60,64,58,68
12380,Callum Camps,,charlton-ath,CM,63,67,60,62,64,57,65
12385,Regan Hendry,,stockport,CM,63,69,58,64,63,56,64
12389,Nnamdi Ofoborh,,mansfield-town,CDM,63,70,54,56,62,61,71
12395,Conor McGrandles,,barnet,CDM,63,65,55,59,60,58,76
12398,Remeao Hutton,,lincoln-city,RB,63,84,45,58,61,54,71
12408,Stephen McLaughlin,,gillingham,LB,63,74,59,59,61,57,62
12411,Dean Campbell,,mansfield-town,CDM,63,69,53,64,64,57,65
12412,Matty Virtue,,northampton,CM,63,66,57,59,64,61,65
12414,Jack Burroughs,,fleetwood-town,RB,63,72,52,56,62,60,70
12422,Shane McLoughlin,,northampton,RB,63,76,58,58,64,55,60
12423,Jake Doyle-Hayes,,cambridge-utd,CM,63,65,58,63,65,59,61
12427,Charlie Webster,,exeter-city,CM,63,67,56,61,66,59,62
12428,Tayo Adaramola,,burton-albion,LB,63,92,50,52,62,56,59
12435,Josh Benson,,leyton-orient,CM,63,60,57,64,65,60,64
12436,Terry Taylor,,rotherham-utd,CM,63,57,57,64,62,62,68
12441,Danny Rose,,northampton,ST,63,76,61,54,65,45,68
12442,Kyle Knoyle,,grimsby-town,RB,63,82,46,54,62,56,69
12444,Klaidi Lolos,,mansfield-town,CAM,63,69,60,55,65,51,69
12447,Ryan Woods,,peterborough,CM,63,63,49,64,66,62,64
12449,Beryly Lubala,,oldham-athletic,ST,63,82,65,58,65,36,62
12450,Funso Ojo,,stevenage,CM,63,57,57,62,63,60,68
12451,Elias Kachunga,,port-vale,RW,63,71,62,59,64,46,65
12452,Ben Purrington,,cambridge-utd,CB,63,70,48,58,62,61,68
12453,Liam Kinsella,,cambridge-utd,CDM,63,66,52,57,62,58,72
12460,Jasper Pattenden,,cheltenham-town,RB,63,82,49,57,62,58,59
12462,Kamil Conteh,,stevenage,CDM,63,71,46,56,65,57,72
12465,Patrick Brough,,bristol-rovers,LB,63,71,50,54,57,59,75
12466,Brandon Hanlan,,tranmere-rovers,ST,63,84,60,52,64,35,71
12467,George Lloyd,,doncaster,ST,63,80,61,53,65,35,72
12468,Joe White,,shrewsbury,CM,63,65,59,63,63,55,61
12471,Lewis Warrington,,leyton-orient,CDM,63,66,51,60,64,60,65
12475,Macauley Southam-Hales,,walsall,RB,63,88,45,57,64,56,55
12476,Aaron Nemane,,bristol-rovers,RB,63,87,52,55,66,53,52
12480,Louie Watson,,mk-dons,CM,63,66,53,64,66,57,59
12487,John Fleck,,crawley-town,CM,63,52,62,67,64,59,60
12488,Antoni Šarčević,,chesterfield,CAM,63,47,62,64,64,57,70
12489,Max Clark,,bradford-city,LB,63,71,47,57,60,58,71
12492,Jack Armer,,gillingham,CB,63,69,47,55,58,62,73
12494,Elliot Bonds,,burton-albion,CDM,63,65,49,57,59,60,74
12495,Caleb Watts,,fleetwood-town,CAM,63,64,58,60,68,52,62
12500,Sullay Kaikai,,plymouth-argyle,RM,63,81,60,59,64,47,52
12501,Ben Whitfield,,cambridge-utd,RM,63,82,59,58,65,49,50
12503,Jack McMillan,,barrow,RM,63,66,47,59,61,59,71
12505,Nesta Guinness-Walker,,exeter-city,LB,63,82,37,60,64,57,63
12506,Jake Garrett,,northampton,CDM,63,65,53,58,63,59,65
12508,Ellis Taylor,,blackburn-rovers,RM,63,74,59,57,63,45,65
12519,Raphael,,harrogate-town,LM,63,84,55,53,67,37,66
12521,Márk Kosznovszky,,wigan-athletic,CM,63,66,56,63,64,55,58
12531,Jack Lankester,,portsmouth,CAM,63,77,59,60,64,43,58
12535,Ronan Darcy,,crewe-alexandra,CAM,63,71,56,60,66,48,60
12539,Shaqai Forde,,chesterfield,RM,63,80,60,52,66,40,63
12542,Joel Ndala,,bristol-rovers,LW,63,90,56,53,68,30,63
12543,Danny Andrew,,hull-city,LB,63,54,54,62,61,61,68
12547,Keanan Bennetts,,exeter-city,LM,63,72,57,60,68,43,60
12548,Armando Dobra,,notts-county,CAM,63,81,60,59,67,40,53
12550,Chem Campbell,,chesterfield,RW,63,67,62,61,64,45,61
12557,Kadeem Harris,,stevenage,LM,63,83,54,55,67,44,56
12564,Fábio Tavares,,salford-city,ST,63,84,64,58,67,30,56
12565,Nohan Kenneh,,burton-albion,CDM,63,55,55,58,60,60,71
12568,Kane Smith,,tranmere-rovers,RB,63,77,48,53,62,56,63
12576,Elijah Dixon-Bonner,,barnet,CM,63,60,54,60,66,58,60
12578,Owen Dodgson,,qpr,LB,63,68,46,61,59,59,65
12579,Eli King,,stockport,CDM,63,59,53,60,61,59,66
12594,Jordan Thomas,,cardiff-city,RM,63,82,58,56,65,35,60
12601,Luke Young,,cheltenham-town,CDM,63,51,58,62,63,58,64
12615,Ben Killip,,cheltenham-town,GK,63,63,62,60,64,43,63
12616,Gavin Kilkenny,,portsmouth,CM,63,61,53,60,64,59,58
12619,Bobby Kamwa,,swindon-town,LM,63,83,60,54,62,28,68
12621,Erik Ring,,newport-county,LM,63,80,54,56,63,33,69
12623,Baba Adeeko,,lincoln-city,CDM,63,65,47,59,65,58,61
12631,Christy Pym,,wigan-athletic,GK,63,57,63,64,65,43,62
12632,Jack Stevens,,grimsby-town,GK,63,63,62,63,63,41,62
12634,James Gibbons,,reading,RB,63,69,43,56,61,58,67
12635,Ben Woodburn,,cambridge-utd,CAM,63,71,61,61,67,41,53
12639,Ziyad Larkeche,,salford-city,LB,63,79,42,56,63,57,57
12640,Ryan Alebiosu,,qpr,RB,63,67,41,57,62,58,69
12641,Chris Conn-Clarke,,blackburn-rovers,CAM,63,72,63,59,64,40,56
RANK,PLAYER,NAT,peterborough,POS,OVR,PAC,SHO,PAS,DRI,DEF,PHY
,,,,,,,,,,,
12647,Bradley Ibrahim,,northampton,CDM,63,64,45,59,61,58,67
12653,Lee Burge,,crawley-town,GK,63,62,61,61,64,42,63
12656,Jojo Wollacott,,bromley-fc,GK,63,63,62,61,63,41,63
12661,Idris Odutayo,,salford-city,LB,63,73,43,52,57,58,70
12676,Cole Stockton,,cheltenham-town,ST,63,65,65,52,60,32,77
12681,George Harmon,,portsmouth,LB,63,69,45,60,59,58,60
12684,Thomas Waddingham,,leyton-orient,ST,63,78,61,46,60,37,69
12688,Tommy Simkin,,fleetwood-town,GK,63,63,61,60,63,43,61
12695,James Bolton,,fleetwood-town,CB,63,70,35,53,58,62,72
12697,Toby Mullarkey,,bradford-city,CB,63,68,33,55,58,61,75
12717,Sam Walker,,grimsby-town,GK,63,63,61,59,63,42,61
12725,George McEachran,,colchester,CDM,63,60,48,63,66,58,54
12728,Owura Edwards,,walsall,LM,63,90,55,54,65,40,45
12745,Daniel Kanu,,oxford-united,ST,63,75,62,52,63,31,65
12752,Simon Eastwood,,burton-albion,GK,63,63,63,63,63,32,63
12757,Harry Isted,,blackpool,GK,63,63,62,63,63,35,61
12776,Scott Banks,,lincoln-city,RM,63,76,60,59,63,32,56
12804,George Wickens,,stoke-city,GK,63,63,63,64,64,30,61
12807,Frank Fielding,,grimsby-town,GK,63,61,62,59,65,34,63
12809,Harvey Rodgers,,shrewsbury,CB,63,66,39,51,53,61,74
12815,Luca Hoole,,stevenage,RB,63,72,32,55,59,58,68
12818,Saxon Earley,,millwall,LB,63,77,34,57,64,56,56
12822,Ra'ees Bangura-Williams,,northampton,RM,63,81,57,59,62,31,53
12827,Jordan Willis,,wycombe,CB,63,69,29,51,62,61,71
12832,Ewan Henderson,,lincoln-city,CAM,63,58,57,64,62,47,55
12838,Robert Street,,huddersfield,ST,63,67,61,53,57,31,74
12842,Will Alves,,peterborough,LM,63,65,54,61,67,45,51
12847,James Dornelly,,swindon-town,RB,63,74,36,57,59,57,59
12851,Harry Smith,,luton-town,ST,63,51,64,48,53,41,85
12862,Zack Nelson,,burton-albion,LM,63,69,61,59,64,35,54
12873,Dylan Williams,,cardiff-city,LB,63,67,40,57,60,59,58
12879,Cian Ashford,,hull-city,RM,63,76,61,54,65,26,58
12896,Harry Vaughan,,norwich,LM,63,75,54,59,67,41,44
12917,Jovon Makama,,notts-county,ST,63,70,62,50,59,27,71
12918,Will Jarvis,,blackpool,LW,63,75,62,57,66,24,55
12919,Dale Taylor,,leyton-orient,ST,63,72,63,49,64,32,59
12920,Sonny Perkins,,watford,RM,63,68,62,58,63,31,57
12924,Vivaldo,,exeter-city,ST,63,75,60,46,57,32,69
12929,Johnly Yfeko,,luton-town,CB,63,70,34,50,57,60,68
12930,Joe Johnson,,mk-dons,LB,63,67,36,54,60,60,62
12935,Nathan Thompson,,grimsby-town,CB,63,63,38,51,59,61,66
12936,Cameron McJannet,,afc-wimbledon,CB,63,54,39,53,56,63,73
12939,Danilo Orsi,,colchester,ST,63,72,62,51,62,25,66
12982,Jack Baldwin,,stevenage,CB,63,56,40,51,55,62,70
12985,Gassan Ahadme,,bristol-rovers,ST,63,64,62,50,60,30,68
12987,Joel Senior,,mk-dons,RB,63,70,33,50,59,57,65
13002,Laurence Maguire,,mk-dons,CB,63,61,36,49,55,62,70
13003,Rushian Hepburn-Murphy,,peterborough,ST,63,90,63,49,66,25,40
13006,Nicholas Bilokapić,,fleetwood-town,GK,63,66,60,57,62,23,65
13022,Harrison Neal,,wigan-athletic,CDM,63,43,45,57,56,61,70
13033,James Carragher,,sheffield-wed,RB,63,68,33,48,53,62,67
13034,Charlie McNeill,,stevenage,ST,63,69,64,55,61,22,60
13035,Filip Marschall,,peterborough,GK,63,63,62,63,62,20,61
13044,Cian Hayes,,bolton,RM,63,80,53,56,66,28,47
13050,Thierry Gale,,mk-dons,LW,63,81,58,57,67,26,41
13059,Luke Offord,,chesterfield,CB,63,65,28,48,54,61,73
13082,Will Grigg,,swansea-city,ST,63,57,64,49,62,32,63
13089,Bobby Wales,,colchester,ST,63,78,60,48,60,21,60
13092,Tom Flanagan,,shrewsbury,CB,63,50,34,54,50,61,77
13093,Toto Nsiala,,gillingham,CB,63,57,38,48,46,60,77
13094,Conor Masterson,,afc-wimbledon,CB,63,62,33,44,52,63,72
13134,Ryan Johnson,,notts-county,CB,63,69,24,43,52,62,72
13135,Matthew Platt,,crewe-alexandra,CB,63,56,28,45,53,62,78
13152,Louis Moult,,northampton,ST,63,34,64,52,61,38,71
13157,Conor McCarthy,,exeter-city,CB,63,54,28,49,51,63,74
13169,Sil Swinkels,,sheffield-wed,CB,63,52,39,47,51,62,66
13189,Gabriel Otegbayo,,lincoln-city,CB,63,60,32,40,47,63,69
13216,Jasper Moon,,burton-albion,CB,63,60,26,42,42,64,72
13224,Kacper Łopata,,bristol-rovers,CB,63,57,28,43,40,62,71
13227,Elkan Baggott,,ipswich,CB,63,54,24,40,46,62,73
13241,Michael Morrison,,cambridge-utd,CB,63,34,38,41,42,62,71
13242,Ben Heneghan,,port-vale,CB,63,43,28,41,42,62,71
13245,Niall Canavan,,barrow,CB,63,36,26,37,42,63,76
13247,George Hall,,port-vale,CM,62,87,58,62,66,57,65
13248,Myles Hippolyte,,afc-wimbledon,CM,62,82,60,60,63,54,70
13249,Alex Pattison,,bradford-city,CM,62,81,59,60,65,54,67
13251,Reece Brown,,crawley-town,CM,62,78,59,62,66,57,63
13252,Samson Tovide,,colchester,ST,62,81,60,55,61,46,80
13254,Jason Daði Svanþórs­son,,grimsby-town,RB,62,88,54,55,62,52,69
13255,Ollie Clarke,,swindon-town,CM,62,65,61,59,62,58,75
13256,Dennis Adeniran,,barnet,CM,62,70,57,58,62,62,71
13257,Max Anderson,,crawley-town,CM,62,76,57,60,64,54,69
13259,Will Hondermarck,,bromley-fc,CM,62,78,53,58,65,59,66
13261,Jaheim Headley,,port-vale,LB,62,86,54,53,67,52,67
13263,Tommy Leigh,,bradford-city,CAM,62,71,61,61,63,52,70
13264,Ronan Curtis,,port-vale,LM,62,74,63,57,62,48,73
13266,Connor Evans,,mk-dons,CM,62,74,60,60,64,56,62
13267,Ryan Broom,,cheltenham-town,RB,62,82,56,59,62,54,63
13270,Kane Vincent-Young,,colchester,RB,62,84,54,56,61,58,62
13272,Ellis Harrison,,bristol-rovers,ST,62,79,60,54,61,43,77
13273,Luke Bolton,,mansfield-town,RB,62,79,55,58,64,54,64
13274,Charlie Lakin,,walsall,CM,62,68,58,62,62,59,65
13276,George Maris,,mansfield-town,CM,62,68,58,61,62,58,66
13284,Nathan Moriah-Welsh,,mansfield-town,CM,62,69,54,59,65,57,67
13287,Idris Kanu,,barnet,RB,62,86,50,53,60,54,67
13290,Gavan Holohan,,crawley-town,CM,62,68,58,59,63,54,67
13291,Justin Amaluzor,,grimsby-town,RW,62,91,52,53,64,41,68
13294,Mark Helm,,fleetwood-town,CM,62,70,60,61,67,51,60
13295,Ben Woods,,peterborough,CM,62,68,56,61,61,57,66
13296,Dominic Gape,,colchester,CDM,62,65,57,60,66,57,63
,,,,,,,,,,,
RANK,PLAYER,NAT,TEAM,POS,OVR,PAC,SHO,PAS,DRI,DEF,PHY
,,,,,,,,,,,
13297,Ryan Rydel,,exeter-city,LB,62,81,53,56,59,55,64
13300,Michael Golding,,leicester-city,CAM,62,66,57,63,64,57,60
13304,Promise Omochere,,bristol-rovers,ST,62,74,59,55,63,43,73
13309,Jake Caprice,,oldham-athletic,RB,62,89,46,53,58,55,65
13310,Nick Tsaroulla,,notts-county,LB,62,82,55,54,63,54,58
13311,Phoenix Patterson,,stevenage,LB,62,82,54,61,62,53,54
13317,Kieran Green,,grimsby-town,CM,62,62,57,58,62,57,69
13325,Ben Waine,,port-vale,ST,62,77,61,54,60,44,68
13327,JJ McKiernan,,burton-albion,CAM,62,75,59,59,63,44,64
13333,Jack Moylan,,lincoln-city,ST,62,73,61,58,64,45,62
13334,Ryan Trevitt,,wigan-athletic,CM,62,61,61,61,65,54,61
13339,Max Sanders,,crewe-alexandra,CDM,62,65,54,60,61,57,65
13343,George Thomson,,harrogate-town,RM,62,69,60,60,61,51,61
13345,Ayman Benarous,,plymouth-argyle,CM,62,71,55,61,69,52,54
13346,Jacob Mendy,,peterborough,LB,62,85,42,53,58,54,70
13354,Tyrese Hall,,notts-county,CDM,62,69,50,60,65,58,58
13358,Richard O'Donnell,,derby-county,GK,62,62,62,60,62,52,62
13359,Cameron Norman,,tranmere-rovers,RB,62,67,47,56,57,56,77
13360,Craig MacGillivray,,mk-dons,GK,62,62,61,62,63,51,61
13362,Lee O'Connor,,tranmere-rovers,RB,62,69,50,57,59,57,68
13374,Shaun Whalley,,accrington,CAM,62,68,61,59,64,51,56
13375,Ben Amos,,port-vale,GK,62,60,65,67,60,46,61
13376,Tom Nichols,,swindon-town,ST,62,73,60,58,63,41,64
13378,Taylor Perry,,shrewsbury,CM,62,68,56,61,65,50,59
13380,George Broadbent,,doncaster,CDM,62,66,53,56,60,56,68
13381,Tyreik Wright,,bradford-city,LB,62,84,54,57,63,53,48
13387,Ethan Coleman,,gillingham,CDM,62,66,47,55,57,59,74
13389,Derek Mazou-Sacko,,millwall,CM,62,66,47,58,65,57,65
13394,Connor Jennings,,tranmere-rovers,ST,62,58,62,57,62,48,70
13396,Joe Ironside,,tranmere-rovers,ST,62,67,61,50,58,41,80
13397,Rhys Oates,,mansfield-town,ST,62,80,60,49,60,38,70
13401,Alfie Chang,,bristol-rovers,CDM,62,64,50,57,62,59,65
13409,Ryan Glover,,barnet,RB,62,77,50,55,61,53,60
13412,Elliot Newby,,barrow,LM,62,77,45,59,62,52,61
13415,Kamari Doyle,,reading,CAM,62,69,60,61,64,46,56
13416,Wyll Stanway,,barrow,GK,62,63,58,61,63,48,62
13420,Omar Bugiel,,afc-wimbledon,ST,62,65,61,51,56,37,85
13421,Harrison Biggins,,shrewsbury,CM,62,54,56,60,63,57,65
13423,Joe Tomlinson,,mk-dons,LB,62,76,52,58,63,54,52
13424,Tony Springett,,norwich,RM,62,80,58,56,67,41,53
13427,Joel Colwill,,cardiff-city,CAM,62,71,55,59,65,51,54
13431,Connal Trueman,,mk-dons,GK,62,62,62,60,63,46,61
13434,Tom Sang,,shrewsbury,RB,62,60,48,57,60,60,69
13448,Shadrach Ogie,,gillingham,CB,62,75,41,47,56,61,73
13454,Marvin Kaleta,,rotherham-utd,RB,62,69,42,55,61,58,67
13459,Elliott List,,northampton,ST,62,89,61,52,64,28,58
13473,Scott Hogan,,mk-dons,ST,62,77,60,54,61,34,65
13477,Ryan Graydon,,fleetwood-town,ST,62,75,57,57,61,33,68
13479,Josh Martin,,cheltenham-town,LW,62,80,57,58,66,41,49
13498,Scott Smith,,barrow,CDM,62,60,51,58,61,58,62
13505,Callum Burton,,wrexham,GK,62,63,61,60,63,43,59
13508,Caylan Vickers,,barnsley,ST,62,77,58,55,69,36,54
13509,Omari Kellyman,,cardiff-city,CAM,62,67,60,60,65,40,57
13517,Denzel Hall,,rotherham-utd,RB,62,73,44,47,59,58,67
13519,Teddy Sharman-Lowe,,bolton,GK,62,62,60,63,63,40,60
13530,Kabongo Tshimanga,,crawley-town,ST,62,79,59,48,62,26,73
13532,Lewis Gordon,,chesterfield,LB,62,81,42,53,60,55,56
13546,Leo Castledine,,huddersfield,CAM,62,70,60,62,63,40,52
13550,Neo Eccleston,,grimsby-town,RB,62,80,37,50,60,57,62
13554,Tom Edwards,,salford-city,CB,62,55,46,58,58,60,69
13562,Harry McKirdy,,crawley-town,RM,62,90,57,55,64,32,47
13573,Jake Rooney,,barnsley,CB,62,62,41,54,60,61,67
13575,Gideon Kodua,,luton-town,RM,62,79,56,55,64,36,55
13585,Tyler Walker,,barrow,ST,62,73,61,55,62,36,57
13589,Jayden Sweeney,,grimsby-town,LB,62,72,38,55,61,58,60
13600,Bobby Pointon,,bradford-city,CAM,62,77,56,59,66,39,47
13606,Manny Monthé,,oldham-athletic,CB,62,66,43,44,48,57,85
13618,David Button,,ipswich,GK,62,62,60,59,61,39,61
13629,Silko Thomas,,leicester-city,LM,62,78,55,57,66,35,50
13633,Jamie Robson,,oldham-athletic,LB,62,79,32,55,60,54,61
13634,Jack Senior,,doncaster,LB,62,76,28,50,58,57,72
13635,Tyler Miller,,bolton,GK,62,61,61,60,62,35,62
13636,Adam Lewis,,chesterfield,LB,62,70,38,56,61,56,60
13640,Freddie Draper,,lincoln-city,ST,62,62,59,51,59,34,76
13650,John Marquis,,shrewsbury,ST,62,51,62,51,58,39,79
13651,Ronan Coughlan,,fleetwood-town,ST,62,76,61,53,61,24,65
13654,Jackson Smith,,barnsley,GK,62,61,59,59,63,37,61
13660,Jude Soonsup-Bell,,grimsby-town,ST,62,73,61,55,61,30,60
13666,Ruari Paton,,port-vale,ST,62,73,59,45,62,27,73
13669,Grant Smith,,bromley-fc,GK,62,62,59,62,62,34,60
13670,Connor Mahoney,,barrow,RM,62,74,58,58,64,38,47
13671,MJ Williams,,barrow,CDM,62,50,45,57,55,61,71
13679,Callum McManaman,,wigan-athletic,RM,62,66,59,59,64,30,60
13680,Connor Ripley,,swindon-town,GK,62,62,61,62,64,27,62
13684,Omar Bogle,,crewe-alexandra,ST,62,63,62,50,60,30,73
13694,Mamadi Camará,,reading,LW,62,72,51,59,66,44,45
13706,Sam Hutchinson,,afc-wimbledon,CB,62,45,51,57,56,61,66
13712,Will Swan,,bradford-city,ST,62,75,61,46,61,34,59
13715,Charlie Crew,,doncaster,CDM,62,64,33,55,61,57,65
13724,Fin Back,,wycombe,RB,62,67,34,54,59,58,63
13732,Zak Gilsenan,,grimsby-town,LM,62,72,53,59,66,41,43
13735,Alfie Lloyd,,leyton-orient,ST,62,82,60,45,63,17,67
13736,Sonny Cox,,exeter-city,ST,62,76,59,46,63,27,63
13745,Anthony Scully,,shrewsbury,LM,62,72,58,56,65,34,48
13749,Mike Fondop,,oldham-athletic,ST,62,72,61,44,59,20,77
13751,Sam Curtis,,sheffield-utd,RB,62,67,33,52,59,58,64
13765,Tyrell Warren,,grimsby-town,RB,62,68,31,49,56,58,70
13766,Tom Bradbury,,harrogate-town,LB,62,61,34,50,52,60,75
13768,Luke Robinson,,wigan-athletic,LB,62,73,32,50,52,58,67
13782,James Furlong,,hull-city,LB,62,67,32,58,60,58,56
,,,,,,,,,,,
RANK,PLAYER,NAT,TEAM,POS,OVR,PAC,SHO,PAS,DRI,DEF,PHY
,,,,,,,,,,,
13787,Kamarl Grant,,millwall,CB,62,68,32,43,54,60,74
13803,Paddy Madden,,accrington,ST,62,51,63,55,60,39,61
13804,Charlie Barker,,crawley-town,CB,62,65,35,46,53,59,71
13809,Emre Tezgel,,crewe-alexandra,ST,62,67,63,47,60,33,59
13810,Mo Faal,,port-vale,ST,62,73,59,44,61,24,68
13856,Daniel Bennie,,qpr,RM,62,72,59,55,64,21,55
13862,Rumarn Burrell,,qpr,ST,62,75,62,48,61,17,62
13881,Riley Harbottle,,afc-wimbledon,CB,62,67,29,45,48,61,73
13883,Adrian Akande,,colchester,LM,62,83,52,54,64,23,47
13884,David Okagbue,,peterborough,CB,62,71,26,41,48,62,75
13893,Dion Conroy,,crawley-town,CB,62,55,28,49,57,61,72
13894,Toyosi Olusanya,,doncaster,ST,62,83,60,51,64,22,42
13897,Declan Frith,,peterborough,LM,62,74,63,59,64,22,39
13899,Billy Sharp,,doncaster,ST,62,35,65,59,59,38,65
13904,Andy Smith,,gillingham,CB,62,62,34,44,48,61,72
13921,Lucas Ness,,notts-county,CB,62,62,32,44,47,62,72
13922,Sebastian Revan,,burton-albion,LB,62,58,36,51,59,62,53
13926,Ciarán Kelly,,bradford-city,CB,62,55,34,46,48,60,75
13939,Ruairi McConville,,norwich,CB,62,60,32,44,50,61,69
13942,Jesse Debrah,,port-vale,CB,62,68,26,38,47,61,76
13943,Jay McGrath,,doncaster,CB,62,63,28,45,46,61,73
13958,James Connolly,,crewe-alexandra,CB,62,57,28,47,51,61,70
13965,Zeno Ibsen Rossi,,cambridge-utd,CB,62,59,31,46,44,61,72
13982,Jamille Matt,,walsall,ST,62,40,62,50,55,31,73
13989,Charlie Raglan,,barrow,CB,62,51,32,42,47,61,76
13990,Brandon Cooper,,salford-city,CB,62,54,34,45,45,62,69
13992,Priestley Farquharson,,walsall,CB,62,62,33,38,41,61,74
13997,Rod McDonald,,notts-county,CB,62,49,30,46,48,61,74
14000,Curtis Tilt,,bradford-city,CB,62,50,33,38,49,62,75
14011,Jordan Turnbull,,tranmere-rovers,CB,62,50,27,43,46,61,78
14012,Danny Collinge,,barnet,CB,62,52,29,43,51,61,69
14020,Matt Baker,,newport-county,CB,62,63,26,42,39,62,71
14028,Omar Sowunmi,,bromley-fc,CB,62,52,36,36,38,60,79
14039,Doug Tharme,,grimsby-town,CB,62,56,22,39,43,62,73
14043,Tom Anderson,,shrewsbury,CB,62,34,33,41,38,61,77
14050,Harry Clifton,,doncaster,CM,61,72,56,57,62,55,73
14051,Tom Conlon,,oldham-athletic,CM,61,70,58,61,64,56,64
14052,Mark Shelton,,barnet,CM,61,66,59,58,61,58,71
14053,Tyreece Simpson,,stevenage,ST,61,84,58,51,59,44,77
14054,Ben Close,,doncaster,CM,61,69,60,61,62,57,63
14056,Jay Mingi,,crewe-alexandra,CB,61,71,51,58,66,58,67
14064,Kieron Morris,,oldham-athletic,LM,61,67,59,58,64,53,66
14065,James Jones,,burton-albion,CM,61,67,58,60,63,56,63
14066,Jack Earing,,barrow,CM,61,67,58,62,63,54,63
14067,Tyrese Shade,,burton-albion,LM,61,84,57,52,62,45,67
14068,Tivonge Rushesha,,reading,CDM,61,74,55,57,64,58,59
14070,Kegs Chauke,,burton-albion,CM,61,71,56,58,64,56,62
14074,Kellan Gordon,,notts-county,RB,61,80,50,55,60,55,66
14078,George Lapslie,,bradford-city,CAM,61,63,59,59,63,56,65
14079,Darren Oldaker,,swindon-town,CDM,61,70,54,60,61,56,64
14084,Joe Walsh,,qpr,GK,61,63,65,60,62,58,56
14086,Adam Mayor,,cambridge-utd,LB,61,76,54,54,65,55,60
14088,Jude Arthurs,,bromley-fc,CM,61,70,55,60,62,55,61
14091,Conor Grant,,notts-county,CAM,61,76,54,58,63,55,57
14094,Arkell Jude-Boyd,,cheltenham-town,RB,61,75,52,52,58,56,69
14095,Jack Powell,,crewe-alexandra,CM,61,62,59,62,63,54,62
14096,Daniel Butterworth,,swindon-town,CAM,61,83,60,51,64,45,59
14097,Scott Robertson,,notts-county,CM,61,67,53,59,64,56,63
14099,Mason Hancock,,walsall,LB,61,79,48,53,61,55,66
14108,Sam Finley,,tranmere-rovers,CM,61,54,57,60,61,60,69
14109,Anthony Glennon,,newport-county,LB,61,74,47,59,59,54,68
14111,Jayden Luker,,notts-county,RM,61,76,58,55,62,48,62
14113,Conor Thomas,,crewe-alexandra,CDM,61,61,55,56,59,58,71
14116,George Miller,,cheltenham-town,ST,61,83,61,49,59,37,71
14117,Shilow Tracey,,crewe-alexandra,ST,61,86,57,56,63,43,55
14129,Albert Adomah,,walsall,ST,61,64,60,61,65,50,58
14139,Ben Krauhaus,,bromley-fc,RM,61,75,56,58,62,48,57
14142,Kelly N'Mai,,salford-city,LB,61,90,54,52,64,51,45
14148,Carl Johnston,,peterborough,RB,61,72,48,55,60,56,64
14155,Robbie McKenzie,,gillingham,CDM,61,67,47,56,55,57,72
14160,James Belshaw,,harrogate-town,GK,61,61,59,60,63,50,61
14165,Jonathan Leko,,mk-dons,ST,61,86,58,53,63,35,58
14168,Lewis Richards,,bradford-city,LB,61,72,45,54,59,56,67
14172,Sammy Braybrooke,,newport-county,CDM,61,62,52,60,63,58,58
14180,Carl Jenkinson,,bromley-fc,RB,61,58,50,57,59,59,69
14189,Bryant Bilongo,,bristol-rovers,LB,61,73,46,50,61,58,64
14196,Brandon Comley,,walsall,CDM,61,60,50,56,56,59,70
14197,Joe Sbarra,,doncaster,CM,61,70,58,58,65,53,47
14199,Toby Savin,,wigan-athletic,GK,61,62,58,64,62,45,60
14200,Daniel Gore,,rotherham-utd,CM,61,72,50,60,67,48,54
14232,Zak Sturge,,millwall,LB,61,73,39,54,59,55,68
14236,Mitch Clark,,port-vale,RB,61,72,44,54,60,56,61
14237,Tyrese Francois,,wigan-athletic,CM,61,65,44,58,67,58,55
14252,Innes Cameron,,barrow,ST,61,53,61,55,57,47,73
14261,Dion Pereira,,crawley-town,RM,61,79,58,55,64,34,55
14263,Tommi O'Reilly,,crewe-alexandra,RM,61,67,56,58,64,50,50
14265,Lewis Orford,,stevenage,CDM,61,61,46,59,59,57,62
14271,Darragh Burns,,grimsby-town,RM,61,75,56,57,63,42,51
14280,Jay Lynch,,fleetwood-town,GK,61,61,62,58,61,41,60
14283,Josh March,,crewe-alexandra,ST,61,72,60,48,61,30,72
14287,Ryan De Havilland,,peterborough,CDM,61,56,45,56,59,59,68
14298,Othmane Maamma,,watford,RM,61,71,57,53,67,29,65
14303,Warren Burrell,,harrogate-town,LB,61,67,38,52,55,58,71
14306,Nathan Asiimwe,,afc-wimbledon,RB,61,73,34,51,60,54,69
14314,Donald Love,,accrington,RB,61,69,35,53,59,55,69
14315,Reece Hutchinson,,crewe-alexandra,LB,61,69,42,54,59,55,61
14318,Gatlin O'Donkor,,oxford-united,ST,61,72,60,47,62,31,68
14320,Seb Palmer-Houlden,,gillingham,ST,61,74,59,52,61,33,61
14327,Sam Foley,,barrow,CB,61,37,54,58,60,60,70
14331,Josh Hawkes,,oldham-athletic,LM,61,70,60,58,61,35,55
,,,,,,,,,,,
RANK,PLAYER,NAT,TEAM,POS,OVR,PAC,SHO,PAS,DRI,DEF,PHY
,,,,,,,,,,,
14344,Jemiah Umolu,,bromley-fc,ST,61,71,61,49,56,30,71
14348,James Maxwell,,doncaster,LB,61,71,34,50,60,57,66
14365,Loick Ayina,,salford-city,CB,61,82,29,46,54,59,67
14367,Elliott Nevitt,,gillingham,ST,61,67,59,47,58,27,79
14373,Maleace Asamoah,,wigan-athletic,RM,61,84,55,48,66,29,55
14374,Ethan Wheatley,,northampton,ST,61,72,62,49,60,31,62
14385,Harvey Blair,,portsmouth,LM,61,84,54,54,63,26,55
14390,Aden Baldwin,,bradford-city,CB,61,66,40,48,52,59,70
14392,Max Dyche,,northampton,CB,61,69,37,46,50,59,74
14404,Charles Vernam,,grimsby-town,LM,61,83,55,56,64,31,45
14405,Rob Hunt,,colchester,RB,61,70,35,54,60,55,60
14419,Calum Kavanagh,,bradford-city,ST,61,80,58,49,60,19,67
14422,Glenn Morris,,gillingham,GK,61,60,59,57,62,31,63
14446,Joe Gardner,,mansfield-town,CAM,61,66,59,59,62,31,53
14455,Joshua Kayode,,rotherham-utd,ST,61,74,59,51,58,22,66
14458,Cieran Slicker,,barnet,GK,61,60,62,60,62,27,59
14468,Nicke Kabamba,,bromley-fc,ST,61,65,59,45,59,30,71
14483,Aaron Pressley,,walsall,ST,61,68,59,44,56,23,78
14484,Harvey Davies,,crawley-town,GK,61,60,63,57,60,29,59
14486,Mikki van Sas,,wycombe,GK,61,59,69,64,56,22,58
14492,Lewis Macari,,notts-county,CB,61,67,34,51,52,60,63
14496,Will Davies,,fleetwood-town,ST,61,71,60,43,61,28,63
14498,Courtney Baker-Richardson,,newport-county,ST,61,69,61,43,58,25,70
14499,Ryan Loft,,crawley-town,ST,61,56,60,48,57,30,75
14506,Joe Hugill,,barnet,ST,61,68,61,50,58,23,66
14519,Gustav Lindgren,,peterborough,ST,61,67,61,49,60,31,57
14534,Kyle Cameron,,bromley-fc,CB,61,53,38,46,54,60,73
14538,Jordan Amissah,,burton-albion,GK,61,62,57,60,64,23,58
14539,Jack Holmes,,rotherham-utd,RM,61,77,54,56,61,26,49
14543,Harrison Burke,,walsall,CB,61,62,39,38,50,57,77
14547,Ryan Oné,,sheffield-utd,ST,61,73,60,46,59,21,64
14553,Romoney Crichlow,,barnet,CB,61,63,34,42,51,62,70
14554,Maï Traoré,,notts-county,ST,61,76,59,45,59,18,65
14578,Bojan Radulović,,huddersfield,ST,61,51,61,52,61,26,68
14584,Jack Tucker,,colchester,CB,61,62,30,43,48,59,76
14587,Deji Elerewe,,bromley-fc,CB,61,69,24,41,54,60,70
14593,Adebola Oluwo,,salford-city,CB,61,68,30,42,45,60,72
14627,Michael Stickland,,reading,CB,61,63,31,42,51,60,66
14656,Benoný Breki Andrésson,,stockport,ST,61,68,61,44,60,19,55
14661,Josh Feeney,,huddersfield,CB,61,55,31,44,48,61,67
14667,Jamie Knight-Lebel,,swindon-town,CB,61,60,26,41,47,60,71
14675,Sam Lavelle,,grimsby-town,CB,61,54,29,40,46,61,73
14678,Jack Sanders,,mk-dons,CB,61,47,31,44,44,57,79
14681,Jason Sraha,,burton-albion,CB,61,63,26,38,45,60,69
14683,Jamie Grimes,,chesterfield,CB,61,52,28,44,43,61,72
14685,Farrend Rawson,,accrington,CB,61,49,32,41,40,62,75
14686,Nik Tavares,,barnet,CB,61,53,28,38,46,61,73
14688,Mamadou Jobe,,cambridge-utd,CB,61,65,23,39,48,60,64
14699,Ryan Delaney,,swindon-town,CB,61,48,28,40,41,60,77
14709,Byron Webster,,bromley-fc,CB,61,34,39,43,42,59,71
14710,Neill Byrne,,bradford-city,CB,61,45,26,38,45,61,73
14715,Emmanuel Osadebe,,barnet,CM,60,79,57,60,63,53,70
14717,Aaron Rowe,,gillingham,RM,60,84,55,54,61,52,66
14720,Rekeem Harper,,barrow,CM,60,72,52,58,61,57,68
14721,Corey Whitely,,bromley-fc,LW,60,75,55,57,62,52,67
14723,Tom Iorpenda,,notts-county,CM,60,72,50,59,63,52,71
14726,Evan Khouri,,grimsby-town,CM,60,72,52,59,59,56,68
14727,Kai Andrews,,coventry-city,CM,60,72,55,58,63,57,61
14728,Harry Anderson,,colchester,RM,60,70,54,55,61,53,72
14729,Harry Charsley,,oldham-athletic,CM,60,66,57,59,62,53,68
14730,Clarke Oduor,,grimsby-town,CM,60,78,50,58,64,57,58
14731,Levi Sutton,,harrogate-town,CDM,60,78,45,55,60,58,68
14735,James Ball,,swindon-town,CM,60,53,58,58,56,62,76
14738,Callum Maycock,,afc-wimbledon,CM,60,67,52,57,59,58,69
14740,Adam Murphy,,swindon-town,CM,60,71,54,58,63,52,64
14742,Donay O'Brien-Brady,,peterborough,CDM,60,77,52,58,61,55,58
14749,Conor Grant,,accrington,LB,60,65,56,59,61,57,62
14750,Ashley Charles,,bromley-fc,CDM,60,74,48,54,56,58,70
14752,Ciaran Gilligan,,burton-albion,CM,60,74,48,57,61,57,63
14756,Rosaire Longelo,,salford-city,LB,60,82,51,55,63,53,55
14759,Daniel Kelly,,millwall,CM,60,69,58,55,63,50,63
14760,Ryan Finnigan,,walsall,CM,60,66,55,60,63,53,61
14761,Zech Obiero,,leyton-orient,CM,60,73,51,56,64,58,56
14766,Joe Adams,,wigan-athletic,CAM,60,72,55,57,62,46,64
14767,Vimal Yoganathan,,barnsley,CM,60,68,53,57,60,56,62
14774,Evan Weir,,walsall,LB,60,67,52,58,54,56,69
14777,Liam Shephard,,newport-county,RB,60,71,48,57,61,56,62
14788,Joel Tabiner,,crewe-alexandra,CM,60,71,52,60,64,47,60
14789,Ben Perry,,colchester,CM,60,66,55,59,61,56,56
14791,Diallang Jaiyesimi,,leyton-orient,LM,60,64,56,57,64,50,62
14797,Zain Westbrooke,,doncaster,CM,60,65,54,62,63,55,53
14801,Harley Mills,,peterborough,LB,60,68,51,55,58,54,65
14806,Jack Roles,,crawley-town,CM,60,67,59,62,63,56,44
14809,Harry Forster,,crawley-town,LM,60,71,54,55,60,52,58
14818,Isaac Ogundere,,afc-wimbledon,CB,60,80,34,49,61,58,67
14821,Regan Booty,,barrow,CM,60,64,51,61,61,49,62
14823,Dara Costelloe,,wigan-athletic,ST,60,73,58,55,63,34,65
14833,Joe Day,,cheltenham-town,GK,60,59,56,58,61,51,61
14841,Kylian Kouassi,,cambridge-utd,ST,60,75,59,48,61,34,68
14845,Maziar Kouhyar,,notts-county,LM,60,76,53,54,60,42,59
14851,Isak Alemayehu,,qpr,CM,60,69,55,55,67,45,53
14878,Nik Tzanev,,newport-county,GK,60,61,59,56,61,46,59
14879,Ethan Brierley,,exeter-city,CM,60,67,46,58,63,53,55
14899,Ian Lawlor,,doncaster,GK,60,60,58,59,61,42,60
14900,Owen Evans,,barnet,GK,60,59,59,60,61,43,58
14901,Charlie Brown,,accrington,RM,60,81,55,52,61,31,60
14902,Aaron Drinan,,swindon-town,ST,60,76,58,49,61,32,64
14914,Kyrell Lisbie,,peterborough,LM,60,85,56,53,60,26,58
14928,Tom Pett,,oldham-athletic,CM,60,51,55,60,62,54,55
14929,Jovan Malcolm,,stevenage,ST,60,83,58,46,58,28,64
,,,,,,,,,,,
RANK,PLAYER,NAT,TEAM,POS,OVR,PAC,SHO,PAS,DRI,DEF,PHY
,,,,,,,,,,,
14934,Justin Obikwu,,lincoln-city,ST,60,83,56,42,57,28,71
14939,Luke McGee,,tranmere-rovers,GK,60,60,59,59,61,37,60
14951,Kristian Dennis,,tranmere-rovers,ST,60,53,60,52,61,37,72
14958,Louie Marsh,,sheffield-utd,ST,60,68,58,55,62,42,50
14964,Jake Eastwood,,cambridge-utd,GK,60,62,57,59,61,37,58
14965,Liam Gibson,,harrogate-town,CB,60,66,35,50,54,60,69
14975,Jack Muldoon,,harrogate-town,ST,60,72,59,55,60,23,64
14976,Myles Kenlock,,barnet,LB,60,66,37,48,56,58,68
14984,Gabriel Forsyth,,norwich,CAM,60,73,46,58,64,41,51
14995,Andrew Oluwabori,,exeter-city,ST,60,77,59,53,59,26,57
15001,Lewis Cass,,harrogate-town,RB,60,66,33,49,57,58,68
15002,Paul Glatzel,,swindon-town,ST,60,73,60,55,61,30,52
15003,Tom Nixon,,doncaster,RB,60,65,37,51,58,55,65
15012,Conor McAleny,,harrogate-town,LM,60,77,58,55,63,26,51
15015,Lee Ndlovu,,barnet,ST,60,70,59,39,57,29,75
15024,Killian Cahill,,leyton-orient,GK,60,63,60,63,60,24,58
15053,Joe Quigley,,oldham-athletic,ST,60,59,60,46,55,33,73
15054,Ged Garner,,newport-county,ST,60,70,60,48,59,23,66
15061,Kevin McDonald,,exeter-city,CDM,60,31,57,60,55,59,63
15072,Francis Okoronkwo,,lincoln-city,ST,60,72,60,48,60,24,60
15078,Darragh Power,,cheltenham-town,RB,60,71,32,48,59,56,58
15085,Lee Bonis,,chesterfield,ST,60,73,59,44,58,26,63
15088,James Norwood,,fleetwood-town,ST,60,50,60,49,59,39,66
15091,David Harrington,,fleetwood-town,GK,60,61,61,60,60,21,60
15102,Mark Howard,,salford-city,GK,60,60,58,58,58,27,61
15114,Kane Hemmings,,barrow,ST,60,64,59,51,58,28,61
15117,Jake Turner,,gillingham,GK,60,60,61,58,61,22,59
15153,George Evans,,millwall,GK,60,61,59,60,60,20,58
15173,Scot Bennett,,cheltenham-town,CB,60,37,50,50,51,60,69
15176,George Nevett,,peterborough,CB,60,65,27,47,52,60,66
15204,Dajaune Brown,,port-vale,ST,60,71,59,49,61,19,55
15234,James Clarke,,newport-county,CB,60,40,41,48,47,58,75
15247,Ibrahim Bakare,,cheltenham-town,CB,60,64,24,37,49,57,76
15259,Donervon Daniels,,oldham-athletic,CB,60,51,35,45,46,60,67
15263,James Golding,,crewe-alexandra,CB,60,62,27,43,51,60,60
15267,Ciaran Brennan,,newport-county,CB,60,63,24,44,45,60,66
15282,Harrison Holgate,,fleetwood-town,CB,60,60,25,38,48,60,66
15293,Robbie Cundy,,cheltenham-town,CB,60,55,26,39,47,60,67
15295,Joy Mukena,,crawley-town,CB,60,55,31,37,45,60,65
15298,Finley Potter,,fleetwood-town,CB,60,60,25,37,43,60,67
15314,Josh Gordon,,barrow,ST,59,77,57,50,61,46,73
15320,Matúš Holíček,,crewe-alexandra,CM,59,74,52,59,63,50,60
15321,Joel Cotterill,,bristol-rovers,CM,59,70,55,56,60,51,65
15326,Kyran Lofthouse,,burton-albion,RM,59,77,45,52,61,54,64
15330,Liam Coyle,,accrington,CM,59,61,51,56,60,57,67
15332,Courtney Clarke,,walsall,RB,59,78,45,53,59,50,66
15335,Basil Tuma,,reading,ST,59,90,54,48,58,38,63
15336,Noah Mawene,,preston,CM,59,65,54,56,62,55,59
15339,Lewis Thomas,,bristol-city,GK,59,59,58,57,60,57,58
15341,Matthew Dennis,,notts-county,ST,59,84,56,45,60,39,65
15343,Jake Richards,,luton-town,CM,59,71,51,57,61,55,54
15345,Cameron Antwi,,newport-county,CM,59,63,48,55,60,56,66
15347,Isaac Fletcher,,barrow,CM,59,60,55,58,58,51,66
15352,Jack Shorrock,,port-vale,LB,59,77,48,53,57,54,58
15357,Stephen Duke-McKenna,,harrogate-town,CAM,59,80,48,58,63,54,43
15361,Ade Adeyemo,,crawley-town,RM,59,75,56,54,58,43,60
15366,Haji Mnoga,,salford-city,RB,59,79,34,47,54,53,78
15377,Nelson Khumbeni,,gillingham,CDM,59,66,50,53,59,56,60
15378,Jonny Williams,,gillingham,CM,59,63,58,60,66,53,43
15379,Ryan Boot,,chesterfield,GK,59,61,58,53,55,58,58
15383,Jaylan Pearman,,qpr,ST,59,70,60,59,59,42,53
15385,Jenson Metcalfe,,bradford-city,CDM,59,64,49,56,59,55,60
15387,Stuart Moore,,wycombe,GK,59,60,58,56,60,49,59
15389,Jack Hinchy,,notts-county,CM,59,61,52,57,58,55,59
15392,Rhys Browne,,barnet,CAM,59,86,50,51,63,30,61
15393,Adam Senior,,barnet,CB,59,73,40,46,54,55,73
15395,Dan Martin,,accrington,CDM,59,67,45,53,57,53,66
15407,Josh Austerfield,,salford-city,CDM,59,67,45,55,57,55,60
15410,Dylan Duffy,,chesterfield,LM,59,72,52,53,60,44,58
15411,John-Kymani Gordon,,colchester,LM,59,80,56,50,60,34,59
15421,Reece Smith,,harrogate-town,LM,59,80,54,52,61,34,56
15423,Lee Angol,,cheltenham-town,ST,59,75,57,54,59,29,63
15425,Ben Radcliffe,,crawley-town,CB,59,63,45,51,54,58,66
15435,Jake Evans,,leicester-city,RM,59,72,59,49,64,31,60
15439,Reagan Ogle,,oldham-athletic,CB,59,72,33,50,55,58,67
15445,Mathew Hudson,,oldham-athletic,GK,59,58,59,53,58,46,60
15446,Oliver Hawkins,,barnet,ST,59,41,59,49,51,53,81
15456,Ryan Galvin,,barnet,LB,59,83,35,49,57,52,57
15457,Kamarai Swyer,,northampton,CAM,59,67,56,56,62,36,56
15472,Matt Young,,salford-city,GK,59,59,58,58,60,38,58
15473,Tyler Walton,,accrington,ST,59,69,56,52,58,31,64
15481,Jack Bycroft,,exeter-city,GK,59,61,56,56,60,38,59
15484,Reyes Cleary,,barnsley,ST,59,74,57,44,58,29,68
15496,Zico Asare,,harrogate-town,RB,59,88,27,41,54,54,64
15518,Shawn McCoulsky,,harrogate-town,ST,59,90,56,37,58,20,65
15523,Connor O'Brien,,accrington,RB,59,79,29,46,56,52,64
15526,Joe Garner,,oldham-athletic,ST,59,44,62,53,59,44,63
15531,Sonny Aljofree,,notts-county,CB,59,70,27,51,50,58,69
15544,Devan Tanton,,chesterfield,RB,59,68,33,45,57,55,65
15545,Finley Munroe,,swindon-town,LB,59,64,37,47,50,57,67
15551,Reece Staunton,,grimsby-town,LB,59,69,26,49,56,56,66
15595,Kaheim Dixon,,crawley-town,ST,59,85,57,46,57,20,53
15603,Freddie Issaka,,bristol-rovers,ST,59,79,58,49,61,20,51
15606,Divin Mubama,,stoke-city,ST,59,72,58,44,58,27,59
15607,Fábio Jaló,,barnsley,ST,59,76,57,47,62,25,51
15617,Josh Davison,,tranmere-rovers,ST,59,64,57,44,55,19,78
15642,Lewis Shipley,,barrow,LB,59,68,28,45,52,55,67
15656,Seámus Conneely,,accrington,CDM,59,35,49,54,55,58,62
15660,Benicio Baker,,millwall,RM,59,82,53,53,64,27,34
15661,Jake Batty,,blackburn-rovers,LB,59,69,30,50,56,54,54
,,,,,,,,,,,
RANK,PLAYER,NAT,TEAM,POS,OVR,PAC,SHO,PAS,DRI,DEF,PHY
,,,,,,,,,,,
15673,Antwoine Hackford,,afc-wimbledon,ST,59,86,57,38,59,18,53
15684,Julian Larsson,,burton-albion,ST,59,72,58,48,60,22,50
15685,Josh Andrews,,gillingham,ST,59,65,58,44,53,20,70
15690,Jay Robinson,,southampton,ST,59,67,61,48,62,23,48
15700,Benn Ward,,accrington,CB,59,69,24,42,50,58,65
15710,Jamie Mullins,,wycombe,CAM,59,70,54,51,64,28,40
15711,Ben Knight,,cambridge-utd,RW,59,67,56,52,66,28,38
15745,Cameron Evans,,newport-county,CB,59,61,22,39,50,58,69
15752,Devon Matthews,,accrington,CB,59,60,27,39,43,58,69
15799,Delano McCoy-Splatt,,afc-wimbledon,CM,58,77,56,58,63,50,55
15800,Pedro Borges,,exeter-city,CM,58,73,50,54,61,53,68
15803,Antony Papadopoulos,,crawley-town,CM,58,71,53,57,60,53,61
15804,Matt Dibley-Dias,,chesterfield,CM,58,68,58,59,63,53,54
15806,David Worrall,,barrow,RB,58,67,55,59,61,52,56
15810,Kane Thompson-Sommers,,mk-dons,CM,58,69,47,56,56,55,64
15811,Charlie Wellens,,leyton-orient,CM,58,64,54,58,60,55,56
15815,Luke Hannant,,oldham-athletic,LM,58,70,51,53,57,50,65
15817,Katia Kouyate,,barrow,LM,58,79,53,48,61,38,66
15818,Oscar Thorn,,lincoln-city,RM,58,89,49,47,56,48,56
15819,Jonathan Bland,,barnsley,CM,58,60,48,55,59,58,64
15824,Tom Hill,,harrogate-town,CM,58,64,50,56,57,52,64
15829,Osman Foyo,,afc-wimbledon,RM,58,80,59,51,57,28,67
15830,Kyle McAdam,,mansfield-town,LM,58,75,48,54,58,47,60
15832,Ryan Howley,,bristol-rovers,CAM,58,57,47,60,59,57,61
15836,Tommy Backwell,,cheltenham-town,CAM,58,69,46,56,61,53,56
15838,Taine Anderson,,cheltenham-town,LB,58,80,43,46,58,52,61
15839,Billy Waters,,oldham-athletic,ST,58,77,57,55,60,42,49
15853,Sam Hornby,,walsall,GK,58,60,57,54,62,51,54
15858,Michael Jacobs,,northampton,LM,58,60,57,59,60,48,51
15859,Lewis Ward,,swindon-town,GK,58,58,57,59,59,45,57
15862,Luca Woodhouse,,exeter-city,CB,58,67,43,51,54,57,63
15864,Tom Dean,,exeter-city,RM,58,78,46,52,55,45,58
15871,Daniel Chesters,,salford-city,RM,58,71,47,55,60,46,55
15899,Luke Butterfield,,chesterfield,CDM,58,64,42,53,54,56,61
15900,Sam Long,,bromley-fc,GK,58,62,55,59,58,42,54
15910,Jaze Kabia,,grimsby-town,RM,58,83,54,47,59,35,51
15911,Logan Pye,,accrington,LB,58,76,36,54,57,52,54
15912,Josh Seary,,preston,RB,58,67,42,53,58,52,57
15920,Freddie Sass,,accrington,LB,58,69,33,42,53,53,78
15926,Myles Roberts,,walsall,GK,58,63,55,52,61,38,59
15937,Ben Winterbottom,,barrow,GK,58,62,60,64,59,27,55
15945,Olabade Aluko,,leicester-city,LB,58,73,37,44,57,53,62
15946,Jason Lowe,,tranmere-rovers,CB,58,50,49,55,55,56,61
15947,Zak Lovelace,,millwall,ST,58,88,57,47,60,25,49
15960,Bradley Ihionvien,,shrewsbury,ST,58,80,55,42,55,25,68
15961,Joe Wormleighton,,northampton,RB,58,66,35,52,56,56,60
15963,Lenni Cirino,,gillingham,LB,58,78,36,46,59,51,54
15964,Charlie Whitaker,,tranmere-rovers,CAM,58,69,56,53,58,38,50
15968,Nick Akoto,,burton-albion,RB,58,67,38,48,53,54,63
15980,Jake Leake,,oldham-athletic,LB,58,69,36,49,56,54,58
15992,Mark Oxley,,harrogate-town,GK,58,56,56,60,58,30,60
15994,Rico Richards,,walsall,CAM,58,76,51,52,63,26,52
15998,Michael Kelly,,accrington,GK,58,59,58,56,58,29,59
16000,Zach Jeacock,,lincoln-city,GK,58,57,56,60,60,29,57
16001,Owen Mason,,mansfield-town,GK,58,61,57,58,58,29,56
16002,Kristi Montgomery,,blackburn-rovers,RB,58,73,36,51,57,52,50
16006,Kyle Scott,,crawley-town,CM,58,57,50,60,62,45,44
16010,Joel McGregor,,swindon-town,RB,58,77,37,50,58,51,45
16017,Jake Tabor,,swindon-town,ST,58,84,58,38,59,21,57
16029,Joe McDonnell,,afc-wimbledon,GK,58,58,56,54,62,28,58
16030,Kian Harratt,,oldham-athletic,ST,58,75,57,40,56,22,66
16035,Ryheem Sheckleford,,chesterfield,RB,58,74,31,42,54,54,60
16039,Lewis Billington,,crewe-alexandra,RB,58,66,34,46,48,57,64
16059,Jeremiah Okine-Peters,,reading,RW,58,78,52,50,59,26,48
16060,Luca Ashby-Hammond,,plymouth-argyle,GK,58,59,58,56,62,24,54
16061,Joe Hilton,,bradford-city,GK,58,57,58,55,60,29,54
16063,Kieren Flavell,,barnsley,GK,58,59,57,56,58,26,57
16068,Ross Fitzsimons,,northampton,GK,58,59,59,51,60,31,52
16071,Danny Cashman,,crawley-town,LW,58,81,55,49,60,20,47
16077,Jordan Wright,,newport-county,GK,58,61,54,58,61,21,56
16081,Chris Sze,,wigan-athletic,ST,58,67,57,49,58,27,53
16088,Jack Stevens,,oldham-athletic,ST,58,73,57,47,58,24,51
16098,Josh Woods,,accrington,ST,58,77,56,44,56,21,54
16105,Elijah Morrison,,bristol-city,LM,58,72,51,52,62,28,42
16109,Kelsey Mooney,,accrington,ST,58,69,57,42,55,21,63
16110,Geraldo Bajrami,,crawley-town,CB,58,61,37,38,47,58,66
16120,Sam Gale,,gillingham,CB,58,64,35,42,41,56,68
16127,Kerr Smith,,barrow,CB,58,64,28,41,49,56,67
16141,Callum Stewart,,shrewsbury,ST,58,77,56,44,56,20,50
16147,Tola Showunmi,,crawley-town,ST,58,54,56,43,54,25,70
16165,Ollie Kensdale,,barnet,CB,58,58,26,44,45,56,70
16167,Ephraim Yeboah,,bristol-city,RM,58,82,53,48,58,18,40
16187,Declan Skura,,wycombe,CB,58,64,26,39,42,59,64
16190,Will Sutton,,oldham-athletic,CB,58,59,29,37,44,57,67
16218,Lenny Agbaire,,rotherham-utd,CB,58,53,28,36,40,58,63
16235,Jack Grieves,,watford,RM,57,73,56,53,54,49,63
16236,Alex Henderson,,accrington,CAM,57,70,52,55,57,45,67
16239,Brooklyn Ilunga,,bromley-fc,LM,57,80,49,52,59,47,57
16244,Harry McHugh,,wigan-athletic,CM,57,73,49,56,59,54,52
16248,Géza Dávid-Turi,,grimsby-town,CM,57,68,51,56,57,49,59
16249,Jack Perkins,,northampton,CM,57,67,52,57,60,50,54
16252,Kallum Cesay,,salford-city,CM,57,62,53,55,55,54,61
16258,Harry Pell,,cheltenham-town,CM,57,47,58,58,54,55,66
16260,Oliver Hammond,,oldham-athletic,CM,57,66,51,52,60,49,60
16270,Joe Kizzi,,barnet,CB,57,66,44,49,51,56,69
16274,Joe Snowdon,,swindon-town,CAM,57,65,51,54,58,52,54
16278,Charlie Caton,,accrington,ST,57,74,55,51,58,38,57
16279,Ronan Maher,,walsall,CAM,57,75,54,54,62,43,45
16280,Elyh Harrison,,shrewsbury,GK,57,57,55,59,58,48,56
16286,Billy Kirkman,,swindon-town,LB,57,72,41,50,51,52,65
,,,,,,,,,,,
RANK,PLAYER,NAT,TEAM,POS,OVR,PAC,SHO,PAS,DRI,DEF,PHY
,,,,,,,,,,,
16299,Tom Davies,,newport-county,LB,57,73,39,54,55,50,58
16301,Joe Thomas,,newport-county,RB,57,73,43,45,54,52,61
16308,Brandon Khela,,peterborough,CM,57,60,48,57,58,47,58
16309,Kyreece Lisbie,,colchester,RM,57,89,47,47,56,37,52
16310,Aron Sasu,,afc-wimbledon,LM,57,78,48,50,59,33,60
16325,Matty Carson,,grimsby-town,LB,57,64,44,53,53,52,59
16330,Vontae Daley-Campbell,,chesterfield,RB,57,68,39,50,52,52,63
16336,Tom Smith,,colchester,GK,57,59,55,58,59,37,55
16342,Sam Parker,,swansea-city,RB,57,69,37,48,55,53,60
16346,Habeeb Ogunneye,,newport-county,RB,57,73,29,51,62,53,53
16349,Charlie Warren,,bolton,RM,57,71,57,51,57,27,57
16354,Oliver Greaves,,newport-county,CAM,57,65,54,52,59,38,51
16356,Nathan Broome,,bolton,GK,57,56,58,57,58,36,54
16368,Aribim Pepple,,plymouth-argyle,ST,57,73,55,40,56,27,67
16373,Owen Oseni,,plymouth-argyle,ST,57,74,58,43,57,28,57
16387,Michael Spellman,,newport-county,LW,57,70,51,52,58,33,51
16414,Damola Ajayi,,doncaster,RM,57,75,55,47,61,28,46
16429,Joe Murphy,,tranmere-rovers,GK,57,56,57,56,56,27,58
16431,Dan Cox,,walsall,CB,57,69,25,41,49,54,72
16435,Will Blackmore,,peterborough,GK,57,60,57,55,57,24,57
16437,James Pradic,,preston,GK,57,59,58,52,56,30,55
16468,Tom Donaghy,,oldham-athletic,GK,57,58,55,55,57,25,56
16475,Jake Bickerstaff,,cheltenham-town,ST,57,71,55,41,57,18,63
16483,Christian Nwachukwu,,sheffield-utd,LM,57,78,55,48,62,22,39
16502,Jaden Warner,,newport-county,CB,57,66,25,44,47,55,65
16507,Igor Tyjon,,blackburn-rovers,ST,57,69,57,45,59,21,50
16510,Joe Wright,,barnet,GK,57,57,54,55,59,18,58
16517,Marcus Dinanga,,bromley-fc,ST,57,71,56,43,57,19,54
16523,Ben Lloyd,,newport-county,CAM,57,70,51,53,60,30,35
16537,Kayden Hughes,,fleetwood-town,CB,57,66,26,37,44,56,67
16542,Michael Forbes,,northampton,CB,57,53,31,42,48,56,65
16560,Filozofe Mabete,,swindon-town,CB,57,63,29,37,41,57,64
16567,Bobby Faulkner,,harrogate-town,CB,57,66,27,37,38,56,66
16576,Finn Delap,,burton-albion,CB,57,63,24,36,42,56,66
16577,Seán Grehan,,doncaster,CB,57,53,24,43,48,57,61
16582,Kaelan Casey,,swansea-city,CB,57,57,30,39,41,58,60
16602,Tyler Sackey,,reading,CM,56,68,53,54,55,52,59
16609,Josh Johnson,,oxford-united,CM,56,66,49,53,58,51,60
16612,Kai Whitmore,,newport-county,CM,56,64,50,54,58,47,62
16613,Kai Payne,,oldham-athletic,CM,56,64,52,55,58,51,55
16614,Harrison Sohna,,cheltenham-town,CM,56,66,43,56,60,52,58
16619,Sean Fusire,,sheffield-wed,CM,56,72,49,53,58,50,52
16623,George Morrison,,fleetwood-town,CM,56,70,50,54,58,43,56
16625,Rhys Walters,,port-vale,CM,56,67,48,55,59,47,55
16628,Mihail Polendakov,,sheffield-utd,RB,56,77,42,49,56,50,56
16632,Nathan Tinsdale,,hull-city,CM,56,67,52,54,60,47,49
16642,Rio Shipston,,sheffield-wed,CM,56,67,47,56,55,55,47
16645,Shay Spencer,,reading,CDM,56,64,43,51,55,53,60
16649,John Ryan,,reading,LB,56,75,44,50,53,51,53
16650,Caleb Roberts,,plymouth-argyle,CM,56,66,42,53,60,49,56
16666,Cameron Ashia,,huddersfield,CAM,56,71,53,50,58,33,57
16670,Charlie Finney,,crewe-alexandra,LB,56,72,46,52,56,50,46
16676,Jay Bird,,salford-city,ST,56,73,53,45,54,32,64
16677,Ashqar Ahmed,,reading,RB,56,75,32,46,51,51,65
16689,Esquerdinha,,qpr,LB,56,74,38,50,53,49,54
16695,Ben Lomax,,port-vale,RB,56,73,31,45,51,53,64
16709,Joseph Gbode,,luton-town,ST,56,84,53,35,54,20,68
16719,Max Metcalfe,,stockport,GK,56,58,54,53,57,35,55
16720,Adrien Thibaut,,crewe-alexandra,ST,56,76,54,41,55,25,61
16721,Mathaeus Roberts,,stevenage,CAM,56,69,51,54,59,33,46
16723,Glenn McConnell,,cambridge-utd,CAM,56,58,49,54,58,44,49
16736,Tom Cursons,,harrogate-town,ST,56,70,55,43,55,29,58
16737,Ehije Ukaki,,sheffield-utd,RM,56,75,52,51,58,26,48
16745,Micah Mbick,,colchester,ST,56,64,55,45,54,29,63
16746,Marcus Wyllie,,gillingham,ST,56,77,55,40,55,23,59
16763,Kevin Berkoe,,salford-city,LB,56,78,28,40,50,51,60
16772,Ollie Wright,,accrington,GK,56,56,55,54,57,29,55
16778,Jaden Dixon,,stoke-city,CB,56,67,31,43,49,54,61
16790,Rico Browne,,walsall,CB,56,64,26,42,50,52,69
16793,Tom Booth,,crewe-alexandra,GK,56,55,55,54,56,29,54
16794,Andrew Wogan,,stockport,GK,56,57,54,55,57,26,54
16806,Zak Bradshaw,,cambridge-utd,LB,56,60,26,45,51,54,64
16816,Favour Fawunmi,,stoke-city,RM,56,70,52,51,59,25,42
16845,Billy Blacker,,tranmere-rovers,LM,56,69,52,52,58,29,35
16849,Ollie Dewsbury,,bristol-rovers,LW,56,67,53,50,56,23,46
16852,Lee Jenkins,,newport-county,CB,56,66,27,37,41,55,68
16861,Charlie Waller,,mk-dons,CB,56,62,27,40,40,55,67
16863,Dovydas Sasnauskas,,sheffield-utd,CB,56,60,32,38,42,56,62
16878,Ciaran McGuckin,,rotherham-utd,ST,56,60,56,42,53,16,59
16887,Thomas Wilson-Brown,,swindon-town,CB,56,60,26,35,41,55,64
16905,Reuben Swann,,portsmouth,CM,55,68,49,53,57,53,58
16912,Tommy McDermott,,shrewsbury,CM,55,73,49,52,60,47,54
16917,Daniel Watts,,swansea-city,CM,55,68,50,54,60,52,47
16923,George Hoddle,,cambridge-utd,CM,55,66,51,52,58,50,51
16924,Jacob Knightbridge,,oxford-united,GK,55,54,56,56,55,52,54
16934,Keenan Patten,,newport-county,CDM,55,67,44,51,52,53,57
16937,Oisin Gallagher,,lincoln-city,CDM,55,59,43,54,55,51,61
16940,Ben Hatton,,rotherham-utd,CAM,55,68,47,52,56,50,49
16954,Law McCabe,,plymouth-argyle,CAM,55,71,48,53,57,39,51
16957,Elliot Myles,,norwich,CAM,55,84,46,51,56,33,47
16958,Ronan Kpakio,,cardiff-city,RB,55,74,36,50,57,48,52
16965,Marcus Ifill,,bromley-fc,LM,55,80,45,48,57,39,47
16967,Noah Phillips,,leyton-orient,GK,55,56,53,52,57,43,54
16975,Jack Hazlehurst,,burton-albion,CAM,55,62,54,53,56,39,49
16978,Neo Dobson,,northampton,ST,55,84,51,36,58,27,57
16986,Michael Reindorf,,newport-county,CAM,55,75,51,51,56,24,54
16993,Owen Devonport,,fleetwood-town,ST,55,71,53,42,54,29,61
17003,Sebastian Auton,,grimsby-town,GK,55,56,52,55,57,34,54
17008,Michael Adu-Poku,,barrow,ST,55,80,51,40,57,18,62
17011,Soul Kader,,bromley-fc,ST,55,74,53,40,54,25,60
,,,,,,,,,,,
RANK,PLAYER,NAT,TEAM,POS,OVR,PAC,SHO,PAS,DRI,DEF,PHY
,,,,,,,,,,,
17020,Cameron Gardner,,grimsby-town,ST,55,75,53,43,54,19,61
17030,Harry Webster,,gillingham,RB,55,69,33,42,50,52,56
17031,Luke Hewitson,,fleetwood-town,GK,55,56,53,54,55,31,53
17047,Max Jolliffe,,colchester,CDM,55,59,33,47,46,54,61
17056,Tanatswa Nyakuhwa,,cardiff-city,RM,55,76,47,49,58,27,41
17063,Hamish Douglas,,rotherham-utd,CB,55,65,25,44,48,53,63
17069,Sol Solomon,,tranmere-rovers,ST,55,70,55,41,55,26,49
17094,Ajay Matthews,,millwall,ST,55,67,54,44,53,23,49
17095,Kane Drummond,,oldham-athletic,ST,55,73,54,38,53,23,49
17096,Jamie Pardington,,lincoln-city,GK,55,55,53,53,56,19,54
17106,Connor Barratt,,barnsley,CB,55,65,25,35,42,54,61
17115,Dylan Lawlor,,cardiff-city,CB,55,59,27,37,42,54,58
17120,Jokūbas Mažionis,,cheltenham-town,CB,55,50,29,35,40,54,65
17138,Ibrahim Fullah,,charlton-ath,CM,54,67,49,52,58,46,53
17154,Callum Tripp,,mk-dons,CB,54,67,40,45,48,52,66
17159,Euan Williams,,gillingham,CM,54,66,49,50,56,43,52
17170,Owen Lunt,,crewe-alexandra,CM,54,66,48,49,56,44,48
17181,Alfie Marriott,,watford,GK,54,57,55,54,55,37,49
17198,Tom Watson,,wigan-athletic,GK,54,54,53,53,56,32,53
17205,Lucca Mendonça,,peterborough,CB,54,62,31,45,47,52,62
17218,Aaron James,,wrexham,CB,54,67,27,38,46,54,64
17219,James Dadge,,northampton,GK,54,52,52,57,55,25,55
17220,Luke Faxon,,sheffield-utd,GK,54,54,53,53,56,27,52
17221,Mamadou Diallo,,cheltenham-town,GK,54,56,53,52,55,26,53
17222,Laurie Shala,,wycombe,GK,54,54,52,55,54,28,52
17223,Brad Mayo,,birmingham-city,GK,54,53,53,55,52,28,53
17227,Brad Young,,bristol-rovers,GK,54,55,53,54,55,24,53
17229,Reece Wilson,,rotherham-utd,ST,54,64,56,42,54,30,47
17248,Matthew Turner,,cardiff-city,GK,54,54,53,52,55,22,52
17252,Daeshon Lawrence,,bolton,ST,54,67,53,42,53,23,48
17257,Louis Flower,,crawley-town,ST,54,70,52,40,53,17,53
17267,Harry Griffiths,,notts-county,GK,54,55,53,52,53,16,54
17276,Matthew Litherland,,blackburn-rovers,CB,54,61,27,37,44,53,57
17279,Harrison Duncan,,rotherham-utd,CB,54,62,30,35,41,53,57
17292,Jack Evans,,harrogate-town,CM,53,67,47,51,52,53,65
17296,Charlie Cummins,,exeter-city,CM,53,64,45,52,54,51,61
17303,Ryan Doherty,,stevenage,CM,53,67,49,52,61,48,44
17307,Patrick Matejko,,barnet,CM,53,66,44,50,54,45,59
17327,Micah Anthony,,bristol-rovers,LW,53,77,47,44,57,35,46
17337,Harry Clout,,portsmouth,CAM,53,71,48,51,57,32,43
17338,Fin Roberts,,crewe-alexandra,ST,53,79,53,39,54,24,52
17341,Liam Roberts,,fleetwood-town,RM,53,74,44,45,56,35,47
17343,Henry Brown,,grimsby-town,CAM,53,72,45,50,55,31,47
17346,Phoenix Scholtz,,mk-dons,RB,53,75,31,44,50,47,53
17361,George Alston,,swindon-town,CAM,53,67,42,51,58,32,44
17374,Kamil Dudek,,burton-albion,GK,53,53,52,51,53,29,52
17378,Zak Baker,,plymouth-argyle,GK,53,51,55,50,56,28,50
17379,Max Woodford,,stevenage,GK,53,52,53,51,51,30,53
17381,Nicholas Michalski,,blackburn-rovers,GK,53,54,52,53,52,27,51
17386,Stan Dancey,,crewe-alexandra,RB,53,74,28,41,46,48,51
17395,Che Gardner,,stockport,ST,53,75,54,42,58,17,40
17397,Kyrell Malcolm,,salford-city,RM,53,80,44,45,55,22,40
17402,Ashton Rinaldo,,chesterfield,GK,53,54,52,52,53,22,51
17403,Dillon Addai,,bromley-fc,GK,53,55,55,48,47,25,54
17405,Dan Ellison,,bristol-rovers,CB,53,61,27,41,44,51,59
17406,Harry Ibbitson,,bradford-city,ST,53,65,54,30,46,20,68
17409,Zac Hadi,,bradford-city,GK,53,52,51,51,53,24,51
17411,Frankie Phillips,,exeter-city,GK,53,53,52,50,54,22,50
17430,Sam Inwood,,bolton,CB,53,57,28,35,40,53,57
17434,Phil Croker,,crewe-alexandra,CB,53,54,26,34,38,53,62
17436,Josh Tomlinson,,northampton,CB,53,60,26,31,34,50,65
17441,George Goodman,,bradford-city,CB,53,58,21,31,34,53,59
17442,Ed James,,exeter-city,CB,53,54,24,32,32,53,61
17444,Emmanuel Osho,,reading,RW,52,76,36,47,55,52,59
17445,Liam Oakes,,exeter-city,CM,52,69,42,52,56,50,52
17446,Jack Blower,,barnet,CM,52,67,45,51,54,43,61
17448,Harry Sidwell,,afc-wimbledon,CM,52,66,45,52,53,47,55
17449,Gbolahan Okewoye,,lincoln-city,CM,52,67,45,50,55,46,55
17451,Dakarai Mafico,,cardiff-city,CM,52,67,45,50,56,47,48
17453,Harry Tustin,,cheltenham-town,CM,52,70,46,53,57,38,48
17462,Harry Ashfield,,wrexham,CM,52,62,40,48,54,45,55
17464,Jack Newall,,burton-albion,ST,52,67,53,43,54,37,49
17477,George Birch,,exeter-city,CAM,52,72,45,49,56,38,38
17485,Ted Cann,,rotherham-utd,GK,52,52,53,52,53,37,50
17495,Robson Woodcock,,barnsley,LB,52,65,33,45,49,47,54
17518,Jake Oram,,doncaster,GK,52,53,49,48,55,31,51
17535,Jaiden Bartolo,,wycombe,ST,52,70,51,40,52,21,49
17541,Kieran Wilson,,exeter-city,ST,52,58,51,39,48,22,64
17543,Joe Hatch,,plymouth-argyle,ST,52,70,51,42,51,20,47
17550,Tom King,,cheltenham-town,ST,52,72,51,37,53,22,44
17563,Ethan Sutcliffe,,afc-wimbledon,CB,52,64,23,38,36,51,63
17570,Will Johnson,,fleetwood-town,CB,52,61,24,32,36,51,66
17575,Ellis Bates,,stevenage,CB,52,57,26,35,39,53,55
17590,Josh Williams,,tranmere-rovers,CM,51,66,40,49,52,44,58
17593,Josh Taroni,,burton-albion,CDM,51,62,39,45,52,50,57
17596,Oliver Armstrong,,crewe-alexandra,CM,51,69,46,50,54,40,44
17599,Freddy Willcox,,cheltenham-town,CM,51,66,40,50,58,42,45
17607,Calum Agius,,crewe-alexandra,CAM,51,73,44,49,53,29,48
17657,Moses Alexander-Walker,,newport-county,ST,51,69,49,38,50,19,47
17658,Marcus Etherington,,harrogate-town,CB,51,56,26,37,40,51,61
17660,Anjola Popoola,,accrington,ST,51,66,50,35,52,16,51
17661,Rohat Matyar,,barnet,CB,51,63,24,32,37,50,64
17668,Josh Smith,,accrington,CB,51,60,24,30,37,51,65
17671,Charlie Parks,,lincoln-city,CB,51,58,27,32,40,50,60
17673,Leo Young,,afc-wimbledon,CB,51,61,25,31,36,50,62
17684,Lucas Barnes,,harrogate-town,CM,50,68,38,51,51,47,54
17685,Stanley Skipper,,gillingham,CM,50,66,43,50,54,40,53
17686,Luca Moore,,crewe-alexandra,CM,50,72,43,49,55,42,45
17687,Corey Evans,,newport-county,CAM,50,68,45,49,53,41,50
17692,Connor Cook,,chesterfield,CM,50,67,40,50,51,43,50
,,,,,,,,,,,
RANK,PLAYER,NAT,TEAM,POS,OVR,PAC,SHO,PAS,DRI,DEF,PHY
,,,,,,,,,,,
17694,Charlie Hall,,accrington,CDM,50,65,37,47,46,46,55
17703,Sam Waller,,crewe-alexandra,GK,50,50,54,50,52,28,49
17710,James Rogerson,,accrington,GK,50,51,50,46,52,32,48
17724,Tom Finch,,mk-dons,GK,50,53,46,48,51,25,52
17823,Jenson Kilroy,,walsall,GK,48,50,46,53,51,35,44